AÃ±o,Estado_index,Mes_index,Valor
2017.0,0.0,0,16.19
2019.0,0.0,10,19.85
2025.0,0.0,2,24.07
2022.0,0.0,3,21.48
2024.0,0.0,2,23.3
2017.0,0.0,11,16.48
2021.0,0.0,5,20.47
2020.0,0.0,8,19.08
2019.0,0.0,9,19.79
2022.0,0.0,4,21.8
2024.0,0.0,1,23.11
2018.0,0.0,0,17.17
2017.0,0.0,3,16.12
2019.0,0.0,8,19.74
2023.0,0.0,5,21.97
2024.0,0.0,10,24.37
2019.0,0.0,7,19.67
2024.0,0.0,0,22.58
2020.0,0.0,5,18.01
2018.0,0.0,1,18.0
2022.0,0.0,7,21.64
2021.0,0.0,4,20.46
2020.0,0.0,9,18.68
2019.0,0.0,6,19.71
2025.0,0.0,3,23.93
2023.0,0.0,11,22.43
2018.0,0.0,2,18.26
2022.0,0.0,8,21.4
2019.0,0.0,5,19.65
2022.0,0.0,5,21.81
2022.0,0.0,9,21.57
2022.0,0.0,2,21.25
2019.0,0.0,11,19.92
2021.0,0.0,8,20.25
2024.0,0.0,7,24.28
2017.0,0.0,6,15.86
2020.0,0.0,4,16.57
2021.0,0.0,9,20.2
2017.0,0.0,5,15.93
2024.0,0.0,8,24.36
2024.0,0.0,6,23.98
2020.0,0.0,3,15.36
2017.0,0.0,7,15.92
2021.0,0.0,10,20.09
2020.0,0.0,2,18.39
2021.0,0.0,7,20.5
2017.0,0.0,10,16.36
2020.0,0.0,6,19.2
2024.0,0.0,5,23.63
2017.0,0.0,8,16.15
2020.0,0.0,1,19.96
2022.0,0.0,0,20.62
2024.0,0.0,4,23.53
2021.0,0.0,6,20.55
2017.0,0.0,9,16.28
2020.0,0.0,0,19.97
2022.0,0.0,1,20.81
2017.0,0.0,4,16.03
2020.0,0.0,7,19.3
2024.0,0.0,9,24.38
2024.0,0.0,3,23.39
2021.0,0.0,11,20.26
2017.0,0.0,2,16.1
2022.0,0.0,6,21.7
2025.0,0.0,1,24.7
2018.0,0.0,4,18.46
2022.0,0.0,11,21.22
2018.0,0.0,6,19.02
2021.0,0.0,1,20.17
2019.0,0.0,2,20.34
2023.0,0.0,3,21.77
2023.0,0.0,8,22.32
2018.0,0.0,7,19.55
2021.0,0.0,2,20.46
2023.0,0.0,6,22.05
2020.0,0.0,11,18.18
2023.0,0.0,0,21.51
2018.0,0.0,11,19.81
2019.0,0.0,1,20.08
2017.0,0.0,1,16.18
2023.0,0.0,10,22.44
2025.0,0.0,0,24.68
2023.0,0.0,1,21.59
2023.0,0.0,7,22.24
2023.0,0.0,2,21.63
2018.0,0.0,5,18.65
2018.0,0.0,10,20.0
2021.0,0.0,0,19.27
2019.0,0.0,4,19.75
2024.0,0.0,11,24.39
2018.0,0.0,3,18.34
2018.0,0.0,9,20.0
2023.0,0.0,9,22.4
2018.0,0.0,8,19.8
2022.0,0.0,10,21.52
2021.0,0.0,3,20.53
2019.0,0.0,0,19.64
2023.0,0.0,4,21.76
2019.0,0.0,3,19.85
2020.0,0.0,10,17.94
2020.0,1.0,3,14.19
2023.0,1.0,1,21.06
2020.0,1.0,0,18.3
2017.0,1.0,9,16.12
2023.0,1.0,4,21.16
2021.0,1.0,8,19.42
2024.0,1.0,7,23.53
2018.0,1.0,11,19.4
2017.0,1.0,7,15.8
2024.0,1.0,4,23.01
2018.0,1.0,10,19.61
2022.0,1.0,0,19.68
2018.0,1.0,9,19.57
2020.0,1.0,4,15.53
2023.0,1.0,2,21.16
2020.0,1.0,1,18.37
2017.0,1.0,8,15.98
2018.0,1.0,8,19.36
2021.0,1.0,10,19.31
2023.0,1.0,6,21.38
2021.0,1.0,9,19.4
2024.0,1.0,6,23.38
2024.0,1.0,5,23.19
2021.0,1.0,11,19.38
2018.0,1.0,7,19.03
2023.0,1.0,5,21.26
2020.0,1.0,2,17.18
2017.0,1.0,6,15.71
2023.0,1.0,3,21.28
2025.0,1.0,2,23.35
2022.0,1.0,1,20.0
2019.0,1.0,7,18.17
2022.0,1.0,10,21.07
2024.0,1.0,0,21.6
2023.0,1.0,9,21.5
2022.0,1.0,6,21.12
2018.0,1.0,1,17.31
2019.0,1.0,6,18.37
2019.0,1.0,3,18.49
2022.0,1.0,5,21.3
2022.0,1.0,9,21.2
2023.0,1.0,11,21.35
2019.0,1.0,4,18.43
2018.0,1.0,2,17.53
2018.0,1.0,3,17.67
2019.0,1.0,5,18.34
2025.0,1.0,3,23.22
2022.0,1.0,8,21.08
2023.0,1.0,10,21.37
2022.0,1.0,7,21.19
2018.0,1.0,6,18.49
2018.0,1.0,4,17.81
2019.0,1.0,2,18.56
2019.0,1.0,0,18.04
2024.0,1.0,3,22.9
2023.0,1.0,7,21.43
2019.0,1.0,11,18.0
2017.0,1.0,10,16.27
2023.0,1.0,0,20.98
2019.0,1.0,10,18.0
2019.0,1.0,1,18.17
2019.0,1.0,8,18.2
2022.0,1.0,3,21.11
2018.0,1.0,5,18.08
2017.0,1.0,11,16.38
2019.0,1.0,9,18.09
2023.0,1.0,8,21.42
2022.0,1.0,4,21.28
2024.0,1.0,1,22.36
2022.0,1.0,11,20.69
2018.0,1.0,0,16.8
2024.0,1.0,2,22.74
2020.0,1.0,5,17.15
2022.0,1.0,2,20.48
2017.0,1.0,4,15.83
2024.0,1.0,8,23.53
2020.0,1.0,11,16.58
2017.0,1.0,2,15.85
2021.0,1.0,6,19.39
2024.0,1.0,10,23.51
2025.0,1.0,1,23.73
2021.0,1.0,2,19.08
2017.0,1.0,5,15.81
2025.0,1.0,0,23.87
2024.0,1.0,9,23.45
2017.0,1.0,3,15.87
2020.0,1.0,10,16.39
2020.0,1.0,7,17.85
2021.0,1.0,1,18.78
2021.0,1.0,3,19.24
2020.0,1.0,9,17.38
2017.0,1.0,1,16.04
2021.0,1.0,5,19.43
2020.0,1.0,8,17.71
2020.0,1.0,6,17.94
2017.0,1.0,0,16.07
2021.0,1.0,7,19.43
2024.0,1.0,11,23.61
2021.0,1.0,4,19.38
2021.0,1.0,0,17.84
2022.0,2.0,0,21.21
2019.0,2.0,6,20.56
2019.0,2.0,0,19.27
2021.0,2.0,1,20.6
2021.0,2.0,4,20.6
2018.0,2.0,7,19.05
2022.0,2.0,7,22.42
2021.0,2.0,6,20.74
2017.0,2.0,8,16.04
2022.0,2.0,6,22.05
2024.0,2.0,4,24.86
2023.0,2.0,0,22.87
2024.0,2.0,0,23.51
2020.0,2.0,5,18.95
2018.0,2.0,1,17.37
2018.0,2.0,10,19.63
2017.0,2.0,9,16.17
2020.0,2.0,9,19.39
2020.0,2.0,1,20.7
2022.0,2.0,3,21.7
2023.0,2.0,7,23.42
2024.0,2.0,2,24.51
2017.0,2.0,11,16.55
2023.0,2.0,1,22.97
2019.0,2.0,10,20.64
2020.0,2.0,11,18.65
2019.0,2.0,9,20.64
2018.0,2.0,11,19.53
2020.0,2.0,8,19.54
2023.0,2.0,2,23.05
2022.0,2.0,4,21.75
2022.0,2.0,2,21.62
2020.0,2.0,7,19.51
2018.0,2.0,6,18.47
2024.0,2.0,1,24.08
2019.0,2.0,7,20.59
2017.0,2.0,10,16.34
2024.0,2.0,9,25.47
2024.0,2.0,3,24.79
2018.0,2.0,0,16.97
2019.0,2.0,11,20.68
2019.0,2.0,8,20.64
2025.0,2.0,0,25.42
2023.0,2.0,6,23.42
2024.0,2.0,10,25.45
2022.0,2.0,5,21.82
2022.0,2.0,1,21.4
2025.0,2.0,1,25.3
2025.0,2.0,2,24.45
2017.0,2.0,4,15.93
2020.0,2.0,0,20.76
2017.0,2.0,3,16.02
2021.0,2.0,11,20.84
2021.0,2.0,0,19.76
2023.0,2.0,11,23.32
2024.0,2.0,8,25.64
2024.0,2.0,6,25.22
2024.0,2.0,11,25.4
2023.0,2.0,5,23.29
2018.0,2.0,3,17.67
2020.0,2.0,3,15.92
2019.0,2.0,4,20.4
2025.0,2.0,3,24.29
2018.0,2.0,8,19.34
2023.0,2.0,8,23.38
2022.0,2.0,9,22.75
2021.0,2.0,9,20.85
2017.0,2.0,5,15.83
2023.0,2.0,10,23.51
2021.0,2.0,3,20.64
2019.0,2.0,3,20.39
2017.0,2.0,6,15.75
2023.0,2.0,9,23.47
2020.0,2.0,10,18.74
2018.0,2.0,9,19.56
2024.0,2.0,7,25.49
2022.0,2.0,11,22.57
2017.0,2.0,0,16.11
2023.0,2.0,4,23.07
2018.0,2.0,4,17.85
2022.0,2.0,10,22.65
2021.0,2.0,8,20.85
2019.0,2.0,2,20.38
2020.0,2.0,4,17.31
2017.0,2.0,7,15.82
2021.0,2.0,2,20.73
2021.0,2.0,5,20.63
2020.0,2.0,2,18.91
2021.0,2.0,7,20.79
2019.0,2.0,1,19.59
2019.0,2.0,5,20.43
2022.0,2.0,8,22.53
2020.0,2.0,6,19.67
2023.0,2.0,3,22.99
2021.0,2.0,10,20.76
2018.0,2.0,2,17.58
2017.0,2.0,2,16.0
2017.0,2.0,1,16.07
2018.0,2.0,5,18.11
2024.0,2.0,5,25.01
2019.0,3.0,1,19.44
2024.0,3.0,1,23.44
2020.0,3.0,10,18.83
2018.0,3.0,6,18.39
2022.0,3.0,4,22.67
2025.0,3.0,3,23.98
2020.0,3.0,8,19.31
2022.0,3.0,3,22.6
2022.0,3.0,11,23.26
2019.0,3.0,2,19.91
2022.0,3.0,10,23.33
2022.0,3.0,7,22.93
2023.0,3.0,9,23.3
2020.0,3.0,9,19.22
2019.0,3.0,9,19.54
2018.0,3.0,4,17.7
2020.0,3.0,11,18.89
2021.0,3.0,2,21.05
2017.0,3.0,11,15.99
2023.0,3.0,1,23.01
2019.0,3.0,3,19.75
2019.0,3.0,6,19.62
2021.0,3.0,3,21.08
2019.0,3.0,4,19.69
2024.0,3.0,10,24.47
2019.0,3.0,0,19.18
2019.0,3.0,7,19.62
2023.0,3.0,7,23.14
2018.0,3.0,5,17.98
2021.0,3.0,4,21.06
2022.0,3.0,5,22.73
2022.0,3.0,8,23.06
2018.0,3.0,1,17.26
2018.0,3.0,3,17.53
2017.0,3.0,3,15.59
2023.0,3.0,11,23.15
2017.0,3.0,2,15.56
2022.0,3.0,6,22.81
2019.0,3.0,5,19.66
2023.0,3.0,0,23.16
2019.0,3.0,8,19.69
2022.0,3.0,9,23.23
2025.0,3.0,0,24.68
2018.0,3.0,0,16.67
2023.0,3.0,8,23.31
2017.0,3.0,1,15.65
2018.0,3.0,2,17.43
2023.0,3.0,10,23.33
2024.0,3.0,11,24.56
2024.0,3.0,0,23.17
2020.0,3.0,5,18.24
2024.0,3.0,2,23.68
2018.0,3.0,8,19.24
2021.0,3.0,9,21.62
2019.0,3.0,11,19.62
2023.0,3.0,6,22.98
2022.0,3.0,1,22.23
2020.0,3.0,6,19.34
2020.0,3.0,0,19.73
2020.0,3.0,3,16.02
2024.0,3.0,6,24.34
2021.0,3.0,1,20.69
2025.0,3.0,1,24.64
2017.0,3.0,9,15.72
2023.0,3.0,5,22.96
2024.0,3.0,8,24.59
2024.0,3.0,3,24.01
2018.0,3.0,7,19.0
2017.0,3.0,7,15.38
2021.0,3.0,7,21.4
2021.0,3.0,10,21.62
2022.0,3.0,0,21.91
2021.0,3.0,6,21.29
2025.0,3.0,2,24.05
2020.0,3.0,1,19.59
2018.0,3.0,10,19.46
2023.0,3.0,3,23.0
2017.0,3.0,8,15.6
2021.0,3.0,0,19.82
2021.0,3.0,5,21.13
2020.0,3.0,2,18.61
2021.0,3.0,11,21.69
2024.0,3.0,4,24.15
2024.0,3.0,9,24.56
2017.0,3.0,4,15.49
2017.0,3.0,5,15.39
2021.0,3.0,8,21.49
2023.0,3.0,4,22.97
2019.0,3.0,10,19.48
2024.0,3.0,7,24.5
2018.0,3.0,11,19.39
2017.0,3.0,0,15.67
2018.0,3.0,9,19.44
2022.0,3.0,2,22.58
2017.0,3.0,6,15.32
2020.0,3.0,7,19.43
2023.0,3.0,2,22.99
2024.0,3.0,5,24.13
2017.0,3.0,10,15.81
2020.0,3.0,4,16.72
2018.0,4.0,3,17.48
2017.0,4.0,2,15.76
2018.0,4.0,5,17.88
2021.0,4.0,3,20.2
2017.0,4.0,5,15.59
2019.0,4.0,5,19.09
2023.0,4.0,4,21.97
2023.0,4.0,3,21.94
2019.0,4.0,1,18.92
2018.0,4.0,2,17.36
2018.0,4.0,4,17.65
2021.0,4.0,8,20.54
2020.0,4.0,2,17.8
2023.0,4.0,8,22.24
2022.0,4.0,10,21.91
2025.0,4.0,3,23.76
2021.0,4.0,2,20.04
2020.0,4.0,5,17.57
2025.0,4.0,2,23.93
2024.0,4.0,5,23.82
2021.0,4.0,10,20.55
2024.0,4.0,7,23.99
2019.0,4.0,3,19.47
2021.0,4.0,9,20.61
2018.0,4.0,8,19.09
2020.0,4.0,3,15.28
2021.0,4.0,7,20.56
2024.0,4.0,6,23.96
2018.0,4.0,9,19.22
2022.0,4.0,11,21.81
2023.0,4.0,9,22.35
2024.0,4.0,11,24.1
2019.0,4.0,4,19.27
2020.0,4.0,4,16.18
2025.0,4.0,1,24.11
2017.0,4.0,0,15.86
2024.0,4.0,8,23.9
2022.0,4.0,9,21.93
2017.0,4.0,7,15.58
2017.0,4.0,1,15.85
2023.0,4.0,5,22.01
2022.0,4.0,8,21.86
2020.0,4.0,10,18.29
2017.0,4.0,6,15.51
2023.0,4.0,10,22.38
2021.0,4.0,0,19.07
2020.0,4.0,9,18.72
2023.0,4.0,7,22.15
2020.0,4.0,0,19.31
2022.0,4.0,5,21.5
2022.0,4.0,1,20.96
2021.0,4.0,1,19.74
2019.0,4.0,11,19.27
2023.0,4.0,6,22.02
2018.0,4.0,0,16.68
2024.0,4.0,3,23.24
2024.0,4.0,9,23.99
2019.0,4.0,8,19.27
2025.0,4.0,0,24.28
2017.0,4.0,3,15.78
2017.0,4.0,10,16.01
2024.0,4.0,1,22.98
2018.0,4.0,6,18.3
2022.0,4.0,4,21.48
2020.0,4.0,7,18.61
2020.0,4.0,8,18.76
2022.0,4.0,2,21.22
2019.0,4.0,10,19.19
2019.0,4.0,9,19.19
2018.0,4.0,11,18.92
2022.0,4.0,3,21.35
2023.0,4.0,1,21.85
2017.0,4.0,11,16.16
2020.0,4.0,11,18.42
2021.0,4.0,5,20.29
2024.0,4.0,2,23.2
2019.0,4.0,7,19.21
2017.0,4.0,9,15.93
2023.0,4.0,2,21.82
2017.0,4.0,4,15.69
2020.0,4.0,6,18.64
2023.0,4.0,11,22.2
2022.0,4.0,7,21.71
2017.0,4.0,8,15.81
2021.0,4.0,11,20.71
2018.0,4.0,10,19.2
2020.0,4.0,1,19.15
2019.0,4.0,6,19.19
2023.0,4.0,0,21.9
2024.0,4.0,10,24.05
2022.0,4.0,6,21.66
2021.0,4.0,6,20.41
2018.0,4.0,1,17.17
2022.0,4.0,0,20.91
2019.0,4.0,2,19.62
2024.0,4.0,0,22.39
2024.0,4.0,4,23.33
2021.0,4.0,4,20.29
2019.0,4.0,0,18.52
2018.0,4.0,7,18.87
2018.0,5.0,9,18.15
2021.0,5.0,2,18.37
2023.0,5.0,1,19.76
2023.0,5.0,7,21.32
2023.0,5.0,4,20.57
2019.0,5.0,0,16.83
2020.0,5.0,11,16.14
2018.0,5.0,11,17.54
2025.0,5.0,3,22.42
2019.0,5.0,1,17.31
2017.0,5.0,0,16.04
2021.0,5.0,1,18.17
2018.0,5.0,5,16.75
2018.0,5.0,10,17.95
2018.0,5.0,6,17.14
2018.0,5.0,8,17.96
2023.0,5.0,3,19.93
2021.0,5.0,0,17.36
2017.0,5.0,1,14.26
2023.0,5.0,0,19.87
2018.0,5.0,7,17.68
2023.0,5.0,5,20.68
2022.0,5.0,11,19.69
2023.0,5.0,8,21.67
2023.0,5.0,6,20.72
2023.0,5.0,2,19.75
2025.0,5.0,0,22.33
2021.0,5.0,4,18.39
2017.0,5.0,7,14.49
2024.0,5.0,2,21.15
2017.0,5.0,11,15.29
2022.0,5.0,3,20.18
2021.0,5.0,10,18.15
2019.0,5.0,9,17.06
2017.0,5.0,3,14.74
2022.0,5.0,4,20.31
2021.0,5.0,5,18.25
2024.0,5.0,8,21.45
2024.0,5.0,1,20.99
2019.0,5.0,8,17.26
2018.0,5.0,0,15.8
2020.0,5.0,8,16.58
2022.0,5.0,5,20.68
2025.0,5.0,1,22.41
2019.0,5.0,7,17.02
2025.0,5.0,2,22.39
2019.0,5.0,2,17.84
2020.0,5.0,2,15.23
2020.0,5.0,7,16.36
2022.0,5.0,0,18.92
2020.0,5.0,1,17.16
2024.0,5.0,4,21.07
2020.0,5.0,0,17.38
2017.0,5.0,4,14.66
2017.0,5.0,9,14.98
2022.0,5.0,1,19.22
2021.0,5.0,11,18.46
2019.0,5.0,11,17.28
2024.0,5.0,3,21.51
2024.0,5.0,9,21.45
2017.0,5.0,10,15.11
2022.0,5.0,2,19.75
2017.0,5.0,8,14.83
2020.0,5.0,6,16.56
2024.0,5.0,5,21.17
2019.0,5.0,10,16.98
2024.0,5.0,0,20.24
2024.0,5.0,10,21.44
2021.0,5.0,6,18.14
2017.0,5.0,2,14.76
2024.0,5.0,11,21.98
2018.0,5.0,3,16.48
2023.0,5.0,10,20.84
2024.0,5.0,7,21.81
2019.0,5.0,4,17.2
2019.0,5.0,3,17.49
2022.0,5.0,8,19.81
2024.0,5.0,6,21.72
2023.0,5.0,9,20.97
2019.0,5.0,5,17.23
2020.0,5.0,10,15.77
2021.0,5.0,7,18.22
2017.0,5.0,5,14.62
2022.0,5.0,9,20.09
2021.0,5.0,3,18.27
2020.0,5.0,4,14.26
2018.0,5.0,4,16.89
2017.0,5.0,6,14.49
2018.0,5.0,1,16.39
2021.0,5.0,9,18.3
2022.0,5.0,7,20.5
2020.0,5.0,9,16.43
2023.0,5.0,11,20.0
2019.0,5.0,6,17.22
2018.0,5.0,2,16.52
2022.0,5.0,10,19.69
2021.0,5.0,8,18.21
2022.0,5.0,6,20.45
2020.0,5.0,3,12.91
2020.0,5.0,5,15.77
2021.0,6.0,11,21.08
2020.0,6.0,1,20.45
2020.0,6.0,4,16.87
2021.0,6.0,8,20.71
2021.0,6.0,0,19.54
2020.0,6.0,5,18.25
2021.0,6.0,7,20.82
2020.0,6.0,2,18.85
2021.0,6.0,10,20.65
2023.0,6.0,3,22.74
2018.0,6.0,9,19.86
2025.0,6.0,2,23.86
2021.0,6.0,9,20.57
2020.0,6.0,3,15.56
2021.0,6.0,6,20.83
2020.0,6.0,6,19.26
2019.0,6.0,2,20.52
2018.0,6.0,11,19.75
2023.0,6.0,2,22.55
2023.0,6.0,0,22.3
2022.0,6.0,6,22.67
2019.0,6.0,6,20.47
2022.0,6.0,7,22.65
2020.0,6.0,9,18.93
2021.0,6.0,3,20.88
2019.0,6.0,1,19.96
2021.0,6.0,4,20.93
2019.0,6.0,5,20.39
2019.0,6.0,4,20.52
2022.0,6.0,11,22.14
2022.0,6.0,9,22.49
2019.0,6.0,3,20.49
2020.0,6.0,10,18.15
2022.0,6.0,10,22.33
2021.0,6.0,2,20.93
2022.0,6.0,8,22.31
2018.0,6.0,10,19.9
2020.0,6.0,8,19.07
2022.0,6.0,5,22.66
2022.0,6.0,0,21.4
2020.0,6.0,0,20.6
2022.0,6.0,1,21.54
2019.0,6.0,11,20.45
2022.0,6.0,2,22.1
2021.0,6.0,1,20.51
2020.0,6.0,11,18.35
2019.0,6.0,7,20.31
2019.0,6.0,10,20.29
2021.0,6.0,5,20.95
2023.0,6.0,1,22.36
2022.0,6.0,3,22.18
2019.0,6.0,9,20.26
2025.0,6.0,3,23.83
2022.0,6.0,4,22.4
2019.0,6.0,8,20.32
2020.0,6.0,7,19.25
2023.0,6.0,4,22.55
2019.0,6.0,0,19.63
2018.0,6.0,3,18.21
2017.0,6.0,11,16.45
2024.0,6.0,2,23.22
2023.0,6.0,10,22.71
2017.0,6.0,2,16.21
2024.0,6.0,11,24.0
2023.0,6.0,7,22.6
2017.0,6.0,4,16.08
2023.0,6.0,9,22.84
2018.0,6.0,4,18.49
2017.0,6.0,6,15.86
2018.0,6.0,7,19.34
2023.0,6.0,6,22.56
2017.0,6.0,10,16.35
2024.0,6.0,8,23.95
2024.0,6.0,7,24.19
2024.0,6.0,1,23.12
2024.0,6.0,3,23.52
2024.0,6.0,4,23.84
2023.0,6.0,8,22.84
2017.0,6.0,5,15.95
2018.0,6.0,5,18.79
2024.0,6.0,9,23.97
2017.0,6.0,1,16.29
2025.0,6.0,0,24.38
2017.0,6.0,9,16.26
2018.0,6.0,2,18.11
2023.0,6.0,11,22.61
2018.0,6.0,6,19.01
2023.0,6.0,5,22.55
2024.0,6.0,5,23.89
2018.0,6.0,0,17.07
2025.0,6.0,1,24.26
2017.0,6.0,7,15.92
2024.0,6.0,10,23.9
2017.0,6.0,8,16.14
2017.0,6.0,3,16.2
2024.0,6.0,6,24.1
2018.0,6.0,8,19.6
2017.0,6.0,0,16.32
2018.0,6.0,1,17.85
2024.0,6.0,0,22.65
2019.0,7.0,11,19.48
2023.0,7.0,8,22.12
2022.0,7.0,5,22.11
2019.0,7.0,2,19.68
2017.0,7.0,3,15.62
2021.0,7.0,4,20.11
2024.0,7.0,10,23.79
2024.0,7.0,7,23.91
2019.0,7.0,7,19.09
2024.0,7.0,3,22.91
2021.0,7.0,2,19.84
2024.0,7.0,6,23.69
2020.0,7.0,6,17.91
2023.0,7.0,7,22.13
2025.0,7.0,1,24.22
2019.0,7.0,0,18.9
2020.0,7.0,11,17.58
2017.0,7.0,9,15.84
2023.0,7.0,0,21.1
2020.0,7.0,7,18.17
2022.0,7.0,11,21.1
2025.0,7.0,0,24.44
2021.0,7.0,7,20.19
2018.0,7.0,5,18.08
2019.0,7.0,1,19.19
2022.0,7.0,1,20.52
2018.0,7.0,0,16.69
2017.0,7.0,5,15.41
2022.0,7.0,4,21.95
2017.0,7.0,1,15.85
2017.0,7.0,10,15.97
2018.0,7.0,4,17.74
2024.0,7.0,0,22.09
2021.0,7.0,10,19.96
2022.0,7.0,8,21.55
2024.0,7.0,2,22.68
2020.0,7.0,3,15.16
2020.0,7.0,8,18.17
2017.0,7.0,11,16.16
2018.0,7.0,2,17.61
2019.0,7.0,5,19.18
2022.0,7.0,3,21.57
2021.0,7.0,9,20.14
2022.0,7.0,7,22.01
2023.0,7.0,11,22.1
2020.0,7.0,9,18.15
2019.0,7.0,9,19.35
2019.0,7.0,6,19.3
2021.0,7.0,3,20.02
2024.0,7.0,1,22.66
2017.0,7.0,2,15.71
2019.0,7.0,4,19.17
2022.0,7.0,10,21.64
2023.0,7.0,9,21.8
2022.0,7.0,2,21.22
2017.0,7.0,6,15.36
2019.0,7.0,3,19.37
2020.0,7.0,10,17.5
2024.0,7.0,8,23.75
2022.0,7.0,9,21.74
2021.0,7.0,5,20.18
2024.0,7.0,11,24.03
2018.0,7.0,3,17.68
2018.0,7.0,1,17.38
2017.0,7.0,7,15.45
2022.0,7.0,6,22.05
2023.0,7.0,10,21.95
2019.0,7.0,10,19.51
2020.0,7.0,4,15.89
2019.0,7.0,8,19.32
2018.0,7.0,6,18.43
2022.0,7.0,0,20.45
2018.0,7.0,11,19.17
2024.0,7.0,4,23.22
2025.0,7.0,3,23.61
2023.0,7.0,6,21.53
2018.0,7.0,7,18.96
2023.0,7.0,2,21.39
2021.0,7.0,1,19.14
2025.0,7.0,2,23.67
2017.0,7.0,4,15.47
2020.0,7.0,1,19.41
2021.0,7.0,6,20.21
2023.0,7.0,3,21.65
2020.0,7.0,5,16.95
2017.0,7.0,0,15.8
2021.0,7.0,0,18.31
2021.0,7.0,11,20.17
2018.0,7.0,9,19.48
2023.0,7.0,5,21.17
2017.0,7.0,8,15.67
2018.0,7.0,8,19.26
2023.0,7.0,4,21.21
2024.0,7.0,5,23.28
2024.0,7.0,9,23.64
2020.0,7.0,2,17.67
2018.0,7.0,10,19.44
2023.0,7.0,1,21.11
2020.0,7.0,0,19.53
2021.0,7.0,8,20.12
2023.0,8.0,5,22.26
2024.0,8.0,11,24.52
2020.0,8.0,5,17.92
2017.0,8.0,4,15.89
2022.0,8.0,9,22.07
2021.0,8.0,5,20.14
2024.0,8.0,8,24.55
2020.0,8.0,3,15.02
2017.0,8.0,8,16.01
2020.0,8.0,8,18.77
2017.0,8.0,9,16.13
2018.0,8.0,7,18.92
2017.0,8.0,6,15.71
2022.0,8.0,2,21.22
2022.0,8.0,6,21.72
2019.0,8.0,3,19.77
2025.0,8.0,0,24.79
2018.0,8.0,9,19.35
2017.0,8.0,11,16.34
2018.0,8.0,1,17.36
2023.0,8.0,9,22.54
2019.0,8.0,0,18.98
2020.0,8.0,10,17.65
2023.0,8.0,2,22.25
2017.0,8.0,7,15.78
2019.0,8.0,5,19.51
2018.0,8.0,3,17.66
2019.0,8.0,6,19.59
2023.0,8.0,3,22.24
2021.0,8.0,9,20.13
2018.0,8.0,2,17.57
2022.0,8.0,3,21.38
2017.0,8.0,5,15.79
2022.0,8.0,7,21.91
2024.0,8.0,2,23.75
2025.0,8.0,2,23.98
2020.0,8.0,9,18.47
2025.0,8.0,3,23.9
2022.0,8.0,8,21.93
2021.0,8.0,11,20.35
2018.0,8.0,4,17.81
2023.0,8.0,11,22.47
2021.0,8.0,3,20.01
2023.0,8.0,10,22.62
2017.0,8.0,2,15.95
2021.0,8.0,10,20.07
2020.0,8.0,1,19.67
2019.0,8.0,10,19.54
2019.0,8.0,4,19.72
2019.0,8.0,9,19.56
2017.0,8.0,0,16.06
2021.0,8.0,8,20.21
2018.0,8.0,10,19.38
2020.0,8.0,0,19.72
2017.0,8.0,3,15.99
2024.0,8.0,0,22.71
2020.0,8.0,11,17.77
2022.0,8.0,10,22.0
2021.0,8.0,0,18.89
2019.0,8.0,11,19.64
2023.0,8.0,8,22.57
2018.0,8.0,11,19.16
2022.0,8.0,11,21.81
2022.0,8.0,5,21.54
2021.0,8.0,4,20.09
2022.0,8.0,0,20.71
2020.0,8.0,6,18.64
2023.0,8.0,7,22.54
2022.0,8.0,1,20.91
2021.0,8.0,2,19.92
2024.0,8.0,6,24.42
2023.0,8.0,4,22.14
2019.0,8.0,1,19.53
2018.0,8.0,0,16.83
2024.0,8.0,9,24.5
2018.0,8.0,5,18.03
2018.0,8.0,6,18.39
2024.0,8.0,5,24.15
2019.0,8.0,8,19.59
2017.0,8.0,1,16.02
2024.0,8.0,7,24.61
2020.0,8.0,7,18.74
2023.0,8.0,1,22.17
2024.0,8.0,10,24.57
2020.0,8.0,2,17.62
2018.0,8.0,8,19.18
2022.0,8.0,4,21.49
2024.0,8.0,3,24.04
2024.0,8.0,1,23.41
2021.0,8.0,6,20.21
2020.0,8.0,4,16.53
2017.0,8.0,10,16.21
2023.0,8.0,6,22.42
2021.0,8.0,1,19.72
2019.0,8.0,7,19.54
2024.0,8.0,4,24.12
2025.0,8.0,1,24.65
2023.0,8.0,0,22.08
2021.0,8.0,7,20.29
2019.0,8.0,2,19.97
2024.0,9.0,10,24.89
2018.0,9.0,0,17.24
2017.0,9.0,3,16.17
2021.0,9.0,11,20.56
2022.0,9.0,7,22.39
2018.0,9.0,8,19.58
2023.0,9.0,4,22.45
2020.0,9.0,9,18.83
2024.0,9.0,1,23.23
2022.0,9.0,3,21.9
2018.0,9.0,6,18.81
2023.0,9.0,3,22.45
2021.0,9.0,9,20.47
2023.0,9.0,7,22.92
2025.0,9.0,3,23.95
2021.0,9.0,8,20.57
2017.0,9.0,7,15.97
2023.0,9.0,11,22.61
2019.0,9.0,0,19.25
2020.0,9.0,5,18.22
2024.0,9.0,9,24.47
2024.0,9.0,6,24.17
2017.0,9.0,11,16.66
2019.0,9.0,6,19.78
2020.0,9.0,8,19.12
2020.0,9.0,6,19.08
2024.0,9.0,0,22.66
2019.0,9.0,7,19.75
2022.0,9.0,5,22.29
2021.0,9.0,0,19.42
2019.0,9.0,9,19.86
2022.0,9.0,6,22.35
2017.0,9.0,2,16.15
2021.0,9.0,4,20.75
2017.0,9.0,0,16.25
2018.0,9.0,9,19.78
2020.0,9.0,3,15.93
2019.0,9.0,8,19.91
2022.0,9.0,4,22.13
2018.0,9.0,1,17.85
2021.0,9.0,3,20.77
2021.0,9.0,6,20.76
2017.0,9.0,4,16.07
2022.0,9.0,9,22.34
2021.0,9.0,5,20.8
2024.0,9.0,11,25.06
2019.0,9.0,11,20.04
2017.0,9.0,6,15.89
2022.0,9.0,2,21.52
2019.0,9.0,3,19.87
2025.0,9.0,0,25.34
2021.0,9.0,7,20.74
2019.0,9.0,5,19.68
2023.0,9.0,9,23.05
2025.0,9.0,2,24.02
2024.0,9.0,3,23.47
2022.0,9.0,11,21.65
2020.0,9.0,10,18.21
2023.0,9.0,2,22.29
2018.0,9.0,4,18.28
2017.0,9.0,9,16.34
2022.0,9.0,10,22.09
2017.0,9.0,10,16.48
2023.0,9.0,8,23.01
2024.0,9.0,4,23.64
2021.0,9.0,1,20.25
2023.0,9.0,0,22.01
2023.0,9.0,6,22.56
2019.0,9.0,2,20.1
2020.0,9.0,4,16.85
2018.0,9.0,11,19.44
2021.0,9.0,10,20.37
2021.0,9.0,2,20.65
2022.0,9.0,1,21.06
2023.0,9.0,5,22.4
2023.0,9.0,1,22.07
2018.0,9.0,2,18.02
2024.0,9.0,5,23.71
2020.0,9.0,7,19.08
2018.0,9.0,5,18.49
2024.0,9.0,7,24.41
2025.0,9.0,1,25.0
2019.0,9.0,1,19.6
2024.0,9.0,2,23.19
2020.0,9.0,2,18.57
2023.0,9.0,10,22.89
2017.0,9.0,5,15.98
2022.0,9.0,8,22.21
2020.0,9.0,0,20.2
2019.0,9.0,10,19.9
2018.0,9.0,3,18.11
2022.0,9.0,0,20.85
2018.0,9.0,10,19.73
2018.0,9.0,7,19.29
2024.0,9.0,8,24.38
2020.0,9.0,11,18.38
2017.0,9.0,8,16.2
2020.0,9.0,1,20.06
2017.0,9.0,1,16.21
2019.0,9.0,4,19.76
2020.0,10.0,8,18.87
2019.0,10.0,11,20.21
2020.0,10.0,7,19.03
2019.0,10.0,8,20.13
2022.0,10.0,1,20.78
2024.0,10.0,3,23.38
2022.0,10.0,0,20.59
2020.0,10.0,2,18.38
2021.0,10.0,5,20.47
2024.0,10.0,9,24.26
2021.0,10.0,11,20.2
2025.0,10.0,2,24.05
2022.0,10.0,3,21.44
2017.0,10.0,7,15.82
2017.0,10.0,3,16.03
2024.0,10.0,5,23.59
2024.0,10.0,2,23.21
2020.0,10.0,6,19.0
2020.0,10.0,1,20.19
2022.0,10.0,4,21.67
2019.0,10.0,9,20.12
2017.0,10.0,11,16.39
2019.0,10.0,10,20.16
2017.0,10.0,4,15.93
2021.0,10.0,10,19.99
2022.0,10.0,2,21.23
2024.0,10.0,4,23.47
2024.0,10.0,1,23.06
2017.0,10.0,10,16.26
2017.0,10.0,9,16.17
2017.0,10.0,8,16.05
2020.0,10.0,0,20.28
2021.0,10.0,6,20.42
2018.0,10.0,0,17.03
2020.0,10.0,11,18.11
2022.0,10.0,9,22.03
2017.0,10.0,6,15.75
2024.0,10.0,7,24.32
2018.0,10.0,3,18.07
2019.0,10.0,4,20.12
2022.0,10.0,8,21.91
2024.0,10.0,11,24.42
2018.0,10.0,11,19.68
2023.0,10.0,10,22.23
2023.0,10.0,6,21.99
2023.0,10.0,2,22.04
2024.0,10.0,8,24.27
2018.0,10.0,2,17.98
2019.0,10.0,5,20.0
2021.0,10.0,7,20.28
2021.0,10.0,1,20.07
2023.0,10.0,1,22.04
2019.0,10.0,3,20.26
2023.0,10.0,9,22.23
2019.0,10.0,1,20.18
2018.0,10.0,5,18.42
2022.0,10.0,11,21.69
2023.0,10.0,8,22.21
2020.0,10.0,4,16.49
2021.0,10.0,2,20.37
2025.0,10.0,1,24.69
2019.0,10.0,2,20.54
2023.0,10.0,0,22.0
2021.0,10.0,8,20.16
2025.0,10.0,0,24.7
2023.0,10.0,7,22.23
2020.0,10.0,10,17.92
2019.0,10.0,0,19.72
2022.0,10.0,10,22.0
2018.0,10.0,4,18.21
2018.0,10.0,6,18.83
2020.0,10.0,9,18.6
2021.0,10.0,9,20.06
2021.0,10.0,3,20.39
2017.0,10.0,1,16.06
2018.0,10.0,1,17.73
2022.0,10.0,6,21.94
2024.0,10.0,0,22.55
2018.0,10.0,9,19.93
2017.0,10.0,0,16.1
2020.0,10.0,3,15.43
2019.0,10.0,7,20.05
2025.0,10.0,3,23.86
2024.0,10.0,6,24.03
2018.0,10.0,8,19.7
2024.0,10.0,10,24.39
2021.0,10.0,0,19.18
2023.0,10.0,5,21.88
2019.0,10.0,6,20.11
2017.0,10.0,5,15.83
2022.0,10.0,5,21.85
2021.0,10.0,4,20.41
2022.0,10.0,7,21.98
2020.0,10.0,5,17.92
2023.0,10.0,11,22.33
2018.0,10.0,10,19.96
2018.0,10.0,7,19.43
2023.0,10.0,3,22.11
2023.0,10.0,4,21.92
2017.0,10.0,2,16.0
2023.0,11.0,7,23.6
2021.0,11.0,8,21.67
2018.0,11.0,5,18.3
2024.0,11.0,9,24.93
2017.0,11.0,9,16.14
2019.0,11.0,0,19.05
2018.0,11.0,8,19.47
2018.0,11.0,9,19.66
2024.0,11.0,3,24.57
2023.0,11.0,3,23.36
2023.0,11.0,0,23.18
2023.0,11.0,4,23.45
2023.0,11.0,1,23.3
2018.0,11.0,6,18.73
2017.0,11.0,8,16.01
2025.0,11.0,0,25.22
2023.0,11.0,2,23.39
2021.0,11.0,6,21.52
2024.0,11.0,4,24.57
2018.0,11.0,7,19.25
2019.0,11.0,1,19.62
2025.0,11.0,3,23.92
2023.0,11.0,6,23.36
2017.0,11.0,5,15.79
2020.0,11.0,1,20.01
2018.0,11.0,11,19.23
2021.0,11.0,1,20.76
2022.0,11.0,0,22.04
2024.0,11.0,5,24.68
2017.0,11.0,4,15.9
2024.0,11.0,7,25.0
2017.0,11.0,0,16.03
2020.0,11.0,11,19.1
2023.0,11.0,5,23.39
2021.0,11.0,11,21.79
2020.0,11.0,0,20.15
2021.0,11.0,7,21.6
2021.0,11.0,0,20.04
2018.0,11.0,10,19.56
2021.0,11.0,2,20.98
2017.0,11.0,3,15.99
2017.0,11.0,7,15.78
2017.0,11.0,1,16.02
2021.0,11.0,3,21.16
2024.0,11.0,8,24.76
2018.0,11.0,2,17.76
2019.0,11.0,5,19.64
2020.0,11.0,9,19.36
2022.0,11.0,3,22.41
2022.0,11.0,7,22.87
2021.0,11.0,9,21.7
2023.0,11.0,11,23.54
2019.0,11.0,9,19.81
2017.0,11.0,2,15.98
2019.0,11.0,6,19.77
2017.0,11.0,11,16.35
2020.0,11.0,3,15.74
2018.0,11.0,1,17.53
2018.0,11.0,0,16.92
2019.0,11.0,8,19.9
2021.0,11.0,4,21.35
2020.0,11.0,8,19.45
2022.0,11.0,5,22.71
2022.0,11.0,4,22.59
2023.0,11.0,10,23.6
2019.0,11.0,7,19.7
2024.0,11.0,0,23.82
2020.0,11.0,5,18.49
2024.0,11.0,10,24.97
2024.0,11.0,1,24.32
2022.0,11.0,6,22.86
2025.0,11.0,2,24.07
2024.0,11.0,6,24.89
2024.0,11.0,2,24.34
2025.0,11.0,1,25.16
2022.0,11.0,8,22.9
2022.0,11.0,1,22.19
2020.0,11.0,4,17.09
2020.0,11.0,7,19.52
2020.0,11.0,2,18.29
2019.0,11.0,11,20.03
2022.0,11.0,11,22.92
2023.0,11.0,8,23.52
2019.0,11.0,2,20.08
2018.0,11.0,4,18.04
2020.0,11.0,6,19.43
2021.0,11.0,5,21.47
2020.0,11.0,10,18.88
2022.0,11.0,10,23.01
2021.0,11.0,10,21.61
2017.0,11.0,10,16.22
2017.0,11.0,6,15.71
2019.0,11.0,3,19.88
2019.0,11.0,4,19.83
2024.0,11.0,11,24.94
2022.0,11.0,2,22.43
2022.0,11.0,9,23.12
2023.0,11.0,9,23.57
2019.0,11.0,10,19.88
2018.0,11.0,3,17.86
2024.0,12.0,7,23.83
2017.0,12.0,6,15.52
2021.0,12.0,6,19.82
2020.0,12.0,2,17.07
2021.0,12.0,8,19.86
2020.0,12.0,6,18.4
2021.0,12.0,9,19.78
2021.0,12.0,7,19.88
2021.0,12.0,10,19.69
2024.0,12.0,5,23.41
2020.0,12.0,3,14.31
2017.0,12.0,7,15.59
2024.0,12.0,8,23.64
2017.0,12.0,5,15.61
2024.0,12.0,6,23.64
2020.0,12.0,4,15.76
2021.0,12.0,0,18.76
2017.0,12.0,4,15.72
2023.0,12.0,8,21.81
2021.0,12.0,2,19.91
2018.0,12.0,4,17.68
2019.0,12.0,2,19.54
2020.0,12.0,10,17.23
2022.0,12.0,10,21.22
2023.0,12.0,9,21.76
2019.0,12.0,3,19.37
2024.0,12.0,11,23.78
2022.0,12.0,11,20.96
2022.0,12.0,9,21.51
2018.0,12.0,3,17.51
2019.0,12.0,4,19.29
2022.0,12.0,8,21.25
2023.0,12.0,10,21.78
2021.0,12.0,3,19.83
2021.0,12.0,11,19.94
2019.0,12.0,5,19.12
2020.0,12.0,9,17.99
2022.0,12.0,7,21.38
2025.0,12.0,2,23.76
2025.0,12.0,1,24.03
2017.0,12.0,1,15.89
2018.0,12.0,5,17.9
2023.0,12.0,4,21.51
2018.0,12.0,8,19.06
2018.0,12.0,9,19.23
2023.0,12.0,3,21.54
2023.0,12.0,5,21.55
2017.0,12.0,0,15.85
2018.0,12.0,7,18.85
2018.0,12.0,10,19.16
2025.0,12.0,0,24.17
2019.0,12.0,1,19.17
2023.0,12.0,2,21.43
2018.0,12.0,11,18.82
2021.0,12.0,1,19.66
2020.0,12.0,11,17.58
2023.0,12.0,1,21.37
2018.0,12.0,6,18.3
2025.0,12.0,3,23.68
2019.0,12.0,0,18.67
2023.0,12.0,0,21.37
2023.0,12.0,7,21.84
2023.0,12.0,6,21.7
2023.0,12.0,11,21.73
2018.0,12.0,2,17.44
2024.0,12.0,2,23.06
2019.0,12.0,9,18.96
2022.0,12.0,3,21.05
2017.0,12.0,3,15.81
2018.0,12.0,1,17.22
2024.0,12.0,9,23.73
2019.0,12.0,10,18.97
2022.0,12.0,2,20.89
2017.0,12.0,10,16.03
2021.0,12.0,5,19.86
2019.0,12.0,11,19.09
2020.0,12.0,7,18.34
2022.0,12.0,1,20.53
2024.0,12.0,3,23.19
2017.0,12.0,9,15.94
2020.0,12.0,0,19.15
2022.0,12.0,0,20.38
2024.0,12.0,4,23.25
2017.0,12.0,8,15.82
2020.0,12.0,1,19.0
2017.0,12.0,11,16.1
2024.0,12.0,1,22.97
2020.0,12.0,5,17.28
2021.0,12.0,4,19.83
2022.0,12.0,6,21.33
2020.0,12.0,8,18.22
2019.0,12.0,6,19.26
2019.0,12.0,8,19.09
2017.0,12.0,2,15.78
2022.0,12.0,4,21.2
2024.0,12.0,0,22.11
2024.0,12.0,10,23.79
2018.0,12.0,0,16.62
2022.0,12.0,5,21.23
2019.0,12.0,7,19.04
2024.0,13.0,10,24.25
2021.0,13.0,7,20.61
2021.0,13.0,3,20.73
2021.0,13.0,2,20.69
2021.0,13.0,0,19.42
2017.0,13.0,2,16.36
2021.0,13.0,6,20.7
2020.0,13.0,9,19.04
2017.0,13.0,4,16.24
2025.0,13.0,2,24.04
2017.0,13.0,0,16.46
2020.0,13.0,6,19.39
2020.0,13.0,7,19.35
2020.0,13.0,11,18.44
2021.0,13.0,5,20.78
2024.0,13.0,11,24.17
2024.0,13.0,9,24.49
2021.0,13.0,1,20.21
2017.0,13.0,3,16.36
2021.0,13.0,4,20.78
2017.0,13.0,1,16.44
2020.0,13.0,8,19.21
2020.0,13.0,10,18.29
2025.0,13.0,0,24.69
2024.0,13.0,8,24.65
2022.0,13.0,2,21.92
2023.0,13.0,4,22.39
2019.0,13.0,3,20.66
2024.0,13.0,2,23.95
2022.0,13.0,10,22.36
2019.0,13.0,10,20.34
2019.0,13.0,2,20.78
2017.0,13.0,10,16.52
2018.0,13.0,4,18.65
2023.0,13.0,8,23.02
2019.0,13.0,11,20.47
2025.0,13.0,3,23.93
2022.0,13.0,1,21.35
2024.0,13.0,3,24.16
2019.0,13.0,6,20.53
2017.0,13.0,9,16.44
2019.0,13.0,1,20.31
2018.0,13.0,5,18.94
2020.0,13.0,0,20.58
2022.0,13.0,0,21.17
2023.0,13.0,7,22.89
2022.0,13.0,3,22.13
2024.0,13.0,4,24.23
2023.0,13.0,9,22.97
2017.0,13.0,11,16.67
2023.0,13.0,11,22.69
2022.0,13.0,7,22.52
2020.0,13.0,5,18.37
2019.0,13.0,5,20.52
2022.0,13.0,6,22.54
2019.0,13.0,7,20.38
2018.0,13.0,2,18.33
2022.0,13.0,5,22.59
2024.0,13.0,0,23.0
2023.0,13.0,10,22.84
2022.0,13.0,8,22.17
2018.0,13.0,0,17.29
2019.0,13.0,4,20.66
2019.0,13.0,8,20.37
2025.0,13.0,1,24.54
2018.0,13.0,3,18.42
2022.0,13.0,4,22.34
2024.0,13.0,1,23.76
2022.0,13.0,9,22.41
2019.0,13.0,9,20.35
2023.0,13.0,0,22.32
2022.0,13.0,11,22.08
2018.0,13.0,1,18.09
2023.0,13.0,5,22.45
2023.0,13.0,3,22.63
2023.0,13.0,2,22.51
2020.0,13.0,4,17.06
2023.0,13.0,6,22.65
2017.0,13.0,7,16.09
2021.0,13.0,10,20.44
2018.0,13.0,10,20.19
2021.0,13.0,8,20.54
2024.0,13.0,7,24.8
2020.0,13.0,2,18.87
2018.0,13.0,11,19.95
2024.0,13.0,5,24.43
2017.0,13.0,6,16.03
2018.0,13.0,7,19.63
2019.0,13.0,0,19.9
2017.0,13.0,8,16.32
2024.0,13.0,6,24.77
2017.0,13.0,5,16.12
2020.0,13.0,1,20.43
2018.0,13.0,9,20.14
2020.0,13.0,3,16.02
2021.0,13.0,11,20.78
2023.0,13.0,1,22.39
2021.0,13.0,9,20.45
2018.0,13.0,8,19.89
2018.0,13.0,6,19.22
2025.0,14.0,2,24.07
2019.0,14.0,4,20.06
2021.0,14.0,0,19.63
2022.0,14.0,8,22.13
2018.0,14.0,7,19.56
2018.0,14.0,2,18.11
2023.0,14.0,3,22.5
2023.0,14.0,10,22.83
2020.0,14.0,9,18.87
2018.0,14.0,9,19.96
2019.0,14.0,5,19.85
2022.0,14.0,7,22.21
2018.0,14.0,8,19.76
2023.0,14.0,11,22.74
2023.0,14.0,5,22.58
2018.0,14.0,3,18.2
2018.0,14.0,10,19.91
2021.0,14.0,2,20.58
2023.0,14.0,7,22.83
2021.0,14.0,1,20.4
2018.0,14.0,5,18.6
2019.0,14.0,1,20.32
2023.0,14.0,1,22.46
2022.0,14.0,11,22.03
2018.0,14.0,6,19.03
2020.0,14.0,11,18.46
2018.0,14.0,11,19.61
2023.0,14.0,8,22.78
2018.0,14.0,4,18.36
2023.0,14.0,6,22.75
2020.0,14.0,10,18.15
2019.0,14.0,2,20.68
2022.0,14.0,10,22.14
2025.0,14.0,3,23.93
2023.0,14.0,2,22.48
2025.0,14.0,1,25.02
2017.0,14.0,1,16.22
2024.0,14.0,11,24.86
2019.0,14.0,3,20.29
2023.0,14.0,0,22.41
2025.0,14.0,0,25.12
2017.0,14.0,0,16.22
2022.0,14.0,9,22.32
2023.0,14.0,9,22.82
2019.0,14.0,0,19.54
2020.0,14.0,5,18.4
2019.0,14.0,6,19.93
2020.0,14.0,3,15.39
2020.0,14.0,1,20.02
2017.0,14.0,3,16.16
2024.0,14.0,9,24.73
2024.0,14.0,2,24.05
2017.0,14.0,10,16.4
2019.0,14.0,10,19.95
2023.0,14.0,4,22.53
2024.0,14.0,8,24.64
2022.0,14.0,1,21.45
2017.0,14.0,4,16.07
2020.0,14.0,7,19.12
2019.0,14.0,11,20.06
2024.0,14.0,6,24.59
2024.0,14.0,3,24.15
2018.0,14.0,1,17.9
2022.0,14.0,0,21.22
2021.0,14.0,9,20.8
2020.0,14.0,0,20.14
2020.0,14.0,2,17.92
2020.0,14.0,6,19.21
2017.0,14.0,7,15.97
2021.0,14.0,5,20.84
2024.0,14.0,5,24.33
2021.0,14.0,10,20.65
2021.0,14.0,11,20.93
2024.0,14.0,4,24.16
2017.0,14.0,8,16.19
2017.0,14.0,9,16.32
2021.0,14.0,6,20.81
2022.0,14.0,2,21.73
2019.0,14.0,9,19.87
2024.0,14.0,7,24.79
2022.0,14.0,5,21.97
2024.0,14.0,0,23.05
2018.0,14.0,0,17.19
2021.0,14.0,4,20.73
2022.0,14.0,6,22.14
2020.0,14.0,4,16.97
2021.0,14.0,7,20.8
2020.0,14.0,8,19.01
2017.0,14.0,5,15.97
2019.0,14.0,8,19.96
2021.0,14.0,8,20.76
2022.0,14.0,4,21.78
2024.0,14.0,10,24.82
2022.0,14.0,3,21.81
2024.0,14.0,1,23.94
2017.0,14.0,6,15.89
2017.0,14.0,11,16.56
2017.0,14.0,2,16.14
2021.0,14.0,3,20.64
2019.0,14.0,7,19.89
2021.0,15.0,7,20.26
2023.0,15.0,1,21.54
2023.0,15.0,4,21.81
2024.0,15.0,5,23.56
2021.0,15.0,9,20.08
2023.0,15.0,3,21.8
2024.0,15.0,7,23.98
2023.0,15.0,2,21.63
2024.0,15.0,6,23.84
2023.0,15.0,5,21.91
2025.0,15.0,0,24.32
2021.0,15.0,8,20.15
2021.0,15.0,6,20.2
2023.0,15.0,6,21.98
2021.0,15.0,10,19.97
2022.0,15.0,0,20.56
2023.0,15.0,0,21.49
2023.0,15.0,10,22.11
2022.0,15.0,7,21.47
2021.0,15.0,3,19.97
2023.0,15.0,11,22.02
2022.0,15.0,5,21.28
2022.0,15.0,4,21.23
2022.0,15.0,8,21.36
2024.0,15.0,0,22.33
2024.0,15.0,10,23.95
2023.0,15.0,9,22.07
2022.0,15.0,3,21.18
2021.0,15.0,2,20.01
2024.0,15.0,9,23.89
2022.0,15.0,9,21.58
2024.0,15.0,4,23.48
2021.0,15.0,4,19.97
2022.0,15.0,2,21.09
2022.0,15.0,10,21.4
2022.0,15.0,1,20.76
2023.0,15.0,8,22.1
2024.0,15.0,2,23.34
2022.0,15.0,11,21.19
2024.0,15.0,3,23.4
2021.0,15.0,1,19.81
2024.0,15.0,8,23.82
2025.0,15.0,1,24.23
2023.0,15.0,7,22.14
2024.0,15.0,11,23.99
2021.0,15.0,5,20.03
2021.0,15.0,11,20.19
2024.0,15.0,1,23.21
2022.0,15.0,6,21.42
2021.0,15.0,0,18.96
2019.0,15.0,9,19.34
2018.0,15.0,0,16.78
2020.0,15.0,1,19.54
2020.0,15.0,9,18.28
2017.0,15.0,1,15.88
2017.0,15.0,8,15.85
2019.0,15.0,0,19.08
2018.0,15.0,11,19.29
2018.0,15.0,9,19.53
2020.0,15.0,4,16.18
2020.0,15.0,10,17.57
2019.0,15.0,8,19.44
2018.0,15.0,3,17.75
2025.0,15.0,3,23.83
2018.0,15.0,1,17.43
2019.0,15.0,2,19.82
2018.0,15.0,8,19.34
2017.0,15.0,5,15.65
2017.0,15.0,0,15.91
2017.0,15.0,9,15.98
2019.0,15.0,4,19.65
2020.0,15.0,6,18.61
2017.0,15.0,10,16.07
2018.0,15.0,5,18.16
2019.0,15.0,11,19.47
2020.0,15.0,0,19.59
2018.0,15.0,6,18.56
2017.0,15.0,7,15.63
2020.0,15.0,7,18.58
2017.0,15.0,4,15.75
2019.0,15.0,10,19.32
2018.0,15.0,4,17.92
2020.0,15.0,8,18.48
2020.0,15.0,5,17.65
2019.0,15.0,6,19.55
2018.0,15.0,7,19.12
2017.0,15.0,11,16.18
2020.0,15.0,2,17.96
2019.0,15.0,1,19.44
2019.0,15.0,5,19.51
2017.0,15.0,3,15.84
2018.0,15.0,10,19.51
2017.0,15.0,6,15.56
2017.0,15.0,2,15.81
2018.0,15.0,2,17.66
2019.0,15.0,3,19.71
2019.0,15.0,7,19.44
2025.0,15.0,2,23.85
2020.0,15.0,3,14.86
2020.0,15.0,11,17.82
2021.0,16.0,4,20.28
2023.0,16.0,8,22.3
2019.0,16.0,6,20.0
2019.0,16.0,10,19.77
2018.0,16.0,4,18.18
2017.0,16.0,9,16.15
2023.0,16.0,1,21.74
2023.0,16.0,2,21.89
2022.0,16.0,2,21.31
2020.0,16.0,5,17.76
2020.0,16.0,8,18.58
2018.0,16.0,11,19.39
2017.0,16.0,6,15.74
2020.0,16.0,3,14.95
2024.0,16.0,3,23.14
2021.0,16.0,7,20.22
2023.0,16.0,5,21.94
2021.0,16.0,11,20.3
2017.0,16.0,0,16.16
2018.0,16.0,7,19.15
2022.0,16.0,8,21.59
2024.0,16.0,6,23.7
2024.0,16.0,9,23.61
2018.0,16.0,10,19.59
2018.0,16.0,6,18.75
2019.0,16.0,5,19.98
2023.0,16.0,7,22.11
2018.0,16.0,5,18.45
2020.0,16.0,6,18.78
2021.0,16.0,0,18.97
2022.0,16.0,0,20.65
2021.0,16.0,6,20.22
2017.0,16.0,10,16.23
2024.0,16.0,2,22.92
2019.0,16.0,11,19.93
2021.0,16.0,9,20.01
2017.0,16.0,2,16.05
2020.0,16.0,0,20.03
2021.0,16.0,5,20.32
2022.0,16.0,1,20.81
2019.0,16.0,0,19.39
2020.0,16.0,7,18.74
2025.0,16.0,1,24.01
2024.0,16.0,1,22.78
2022.0,16.0,7,21.88
2018.0,16.0,2,17.86
2017.0,16.0,11,16.35
2022.0,16.0,11,21.51
2019.0,16.0,1,19.76
2023.0,16.0,0,21.72
2024.0,16.0,7,23.85
2017.0,16.0,5,15.83
2017.0,16.0,4,15.94
2024.0,16.0,0,22.08
2023.0,16.0,6,22.0
2017.0,16.0,1,16.13
2024.0,16.0,4,23.39
2018.0,16.0,8,19.38
2020.0,16.0,4,16.35
2019.0,16.0,2,20.3
2023.0,16.0,10,22.09
2020.0,16.0,11,17.83
2023.0,16.0,11,21.93
2021.0,16.0,8,20.15
2021.0,16.0,2,20.26
2019.0,16.0,8,19.83
2025.0,16.0,2,23.76
2020.0,16.0,10,17.58
2024.0,16.0,11,23.64
2018.0,16.0,3,17.96
2022.0,16.0,6,21.87
2017.0,16.0,3,16.06
2021.0,16.0,1,19.92
2023.0,16.0,3,22.11
2018.0,16.0,9,19.6
2018.0,16.0,1,17.62
2021.0,16.0,10,19.97
2017.0,16.0,7,15.8
2020.0,16.0,2,18.14
2024.0,16.0,5,23.44
2023.0,16.0,9,22.23
2024.0,16.0,10,23.56
2022.0,16.0,4,21.7
2023.0,16.0,4,21.93
2019.0,16.0,7,19.84
2022.0,16.0,5,21.91
2022.0,16.0,10,21.75
2018.0,16.0,0,16.91
2019.0,16.0,9,19.75
2021.0,16.0,3,20.21
2025.0,16.0,0,24.11
2020.0,16.0,9,18.37
2020.0,16.0,1,19.89
2019.0,16.0,4,20.16
2022.0,16.0,3,21.47
2019.0,16.0,3,20.21
2022.0,16.0,9,21.81
2024.0,16.0,8,23.65
2017.0,16.0,8,16.03
2025.0,16.0,3,23.71
2020.0,17.0,5,18.63
2021.0,17.0,9,20.69
2018.0,17.0,3,18.3
2021.0,17.0,6,20.86
2018.0,17.0,1,17.95
2021.0,17.0,10,20.57
2018.0,17.0,0,17.3
2022.0,17.0,0,21.3
2017.0,17.0,1,16.29
2023.0,17.0,0,22.5
2018.0,17.0,4,18.47
2019.0,17.0,0,19.94
2020.0,17.0,6,19.38
2024.0,17.0,0,23.24
2024.0,17.0,11,25.17
2017.0,17.0,11,16.71
2020.0,17.0,2,19.2
2021.0,17.0,11,20.79
2025.0,17.0,3,24.02
2019.0,17.0,4,20.59
2017.0,17.0,4,16.16
2017.0,17.0,3,16.25
2023.0,17.0,8,22.99
2020.0,17.0,3,16.48
2021.0,17.0,8,20.78
2024.0,17.0,1,23.87
2020.0,17.0,0,20.25
2022.0,17.0,8,22.38
2023.0,17.0,11,22.53
2024.0,17.0,9,24.83
2023.0,17.0,10,23.1
2022.0,17.0,7,22.55
2021.0,17.0,7,20.86
2020.0,17.0,4,17.34
2023.0,17.0,9,23.1
2020.0,17.0,1,20.26
2018.0,17.0,2,18.19
2025.0,17.0,2,24.21
2021.0,17.0,3,20.68
2019.0,17.0,9,20.14
2021.0,17.0,1,20.25
2019.0,17.0,3,20.69
2017.0,17.0,5,16.07
2020.0,17.0,9,19.0
2018.0,17.0,7,19.65
2023.0,17.0,5,22.32
2019.0,17.0,7,20.16
2024.0,17.0,3,24.62
2020.0,17.0,11,18.51
2022.0,17.0,4,22.05
2022.0,17.0,5,22.17
2017.0,17.0,0,16.31
2022.0,17.0,2,21.79
2019.0,17.0,5,20.36
2019.0,17.0,6,20.27
2022.0,17.0,6,22.38
2020.0,17.0,10,18.31
2021.0,17.0,2,20.53
2019.0,17.0,8,20.25
2018.0,17.0,9,20.09
2018.0,17.0,8,19.89
2022.0,17.0,3,22.02
2024.0,17.0,4,24.5
2023.0,17.0,4,22.42
2025.0,17.0,0,25.55
2017.0,17.0,8,16.28
2024.0,17.0,10,25.11
2017.0,17.0,7,16.06
2024.0,17.0,5,24.61
2022.0,17.0,9,22.41
2020.0,17.0,8,19.24
2025.0,17.0,1,25.36
2021.0,17.0,4,20.79
2023.0,17.0,7,23.01
2018.0,17.0,5,18.69
2021.0,17.0,0,19.52
2024.0,17.0,8,24.67
2017.0,17.0,10,16.49
2019.0,17.0,11,20.29
2024.0,17.0,2,24.41
2017.0,17.0,2,16.23
2021.0,17.0,5,20.79
2022.0,17.0,1,21.47
2020.0,17.0,7,19.3
2019.0,17.0,2,20.79
2022.0,17.0,10,22.24
2024.0,17.0,6,25.03
2022.0,17.0,11,22.06
2018.0,17.0,10,20.13
2023.0,17.0,6,22.84
2023.0,17.0,1,22.65
2019.0,17.0,10,20.16
2017.0,17.0,9,16.4
2017.0,17.0,6,15.99
2018.0,17.0,11,19.98
2023.0,17.0,3,22.97
2018.0,17.0,6,19.11
2024.0,17.0,7,25.03
2019.0,17.0,1,20.33
2023.0,17.0,2,22.61
2020.0,18.0,2,18.3
2018.0,18.0,10,19.78
2023.0,18.0,0,22.93
2019.0,18.0,6,19.77
2018.0,18.0,9,19.85
2021.0,18.0,10,21.08
2017.0,18.0,2,16.18
2024.0,18.0,10,24.53
2019.0,18.0,7,19.73
2023.0,18.0,9,23.36
2024.0,18.0,11,24.59
2022.0,18.0,5,23.09
2023.0,18.0,2,23.33
2025.0,18.0,1,24.66
2022.0,18.0,4,22.85
2023.0,18.0,7,23.47
2022.0,18.0,0,21.57
2018.0,18.0,5,18.56
2019.0,18.0,11,19.88
2024.0,18.0,8,24.88
2020.0,18.0,0,19.98
2022.0,18.0,1,21.96
2018.0,18.0,11,19.34
2023.0,18.0,6,23.33
2018.0,18.0,6,18.87
2022.0,18.0,7,22.96
2018.0,18.0,4,18.23
2017.0,18.0,1,16.26
2019.0,18.0,10,19.81
2023.0,18.0,3,23.6
2023.0,18.0,1,23.17
2023.0,18.0,8,23.44
2023.0,18.0,5,23.19
2021.0,18.0,11,21.15
2018.0,18.0,7,19.39
2019.0,18.0,9,19.82
2020.0,18.0,1,19.92
2017.0,18.0,3,16.18
2022.0,18.0,3,22.65
2017.0,18.0,4,16.06
2023.0,18.0,4,23.46
2018.0,18.0,3,18.0
2018.0,18.0,8,19.66
2022.0,18.0,6,22.86
2019.0,18.0,8,19.86
2022.0,18.0,2,22.39
2019.0,18.0,5,19.65
2020.0,18.0,3,15.91
2024.0,18.0,7,25.16
2020.0,18.0,4,16.61
2020.0,18.0,10,18.53
2021.0,18.0,2,20.83
2023.0,18.0,11,23.23
2021.0,18.0,6,21.38
2017.0,18.0,9,16.42
2021.0,18.0,4,21.2
2024.0,18.0,1,23.99
2019.0,18.0,4,19.92
2022.0,18.0,9,22.98
2017.0,18.0,0,16.28
2025.0,18.0,2,24.17
2024.0,18.0,4,24.54
2021.0,18.0,8,21.06
2020.0,18.0,8,19.07
2017.0,18.0,8,16.25
2018.0,18.0,0,17.16
2017.0,18.0,10,16.56
2025.0,18.0,3,23.91
2017.0,18.0,11,16.72
2021.0,18.0,7,21.27
2020.0,18.0,9,19.02
2021.0,18.0,3,21.07
2024.0,18.0,0,23.23
2020.0,18.0,5,17.69
2024.0,18.0,3,24.36
2022.0,18.0,8,22.74
2019.0,18.0,3,19.81
2025.0,18.0,0,24.74
2020.0,18.0,6,18.8
2017.0,18.0,5,15.93
2019.0,18.0,1,19.48
2022.0,18.0,11,22.73
2021.0,18.0,5,21.3
2021.0,18.0,9,21.09
2021.0,18.0,0,19.51
2024.0,18.0,2,24.08
2019.0,18.0,2,20.23
2024.0,18.0,6,24.98
2017.0,18.0,6,15.88
2020.0,18.0,7,19.02
2023.0,18.0,10,23.04
2020.0,18.0,11,18.71
2019.0,18.0,0,19.07
2022.0,18.0,10,23.11
2017.0,18.0,7,16.0
2021.0,18.0,1,20.21
2024.0,18.0,9,24.59
2018.0,18.0,2,17.93
2024.0,18.0,5,24.73
2018.0,18.0,1,17.72
2023.0,19.0,6,22.99
2021.0,19.0,5,21.17
2019.0,19.0,1,19.55
2023.0,19.0,5,22.93
2024.0,19.0,3,24.27
2019.0,19.0,10,20.08
2023.0,19.0,1,22.89
2025.0,19.0,2,24.17
2024.0,19.0,2,24.1
2020.0,19.0,8,19.34
2017.0,19.0,0,15.86
2022.0,19.0,1,21.71
2020.0,19.0,7,19.37
2018.0,19.0,6,18.54
2021.0,19.0,4,21.09
2024.0,19.0,8,24.78
2018.0,19.0,11,19.26
2022.0,19.0,2,22.03
2017.0,19.0,9,15.93
2023.0,19.0,4,22.94
2018.0,19.0,7,19.09
2018.0,19.0,9,19.52
2022.0,19.0,10,22.62
2021.0,19.0,1,20.8
2019.0,19.0,6,20.1
2019.0,19.0,7,20.06
2024.0,19.0,5,24.42
2020.0,19.0,11,19.14
2022.0,19.0,5,22.25
2023.0,19.0,2,22.82
2017.0,19.0,6,15.51
2024.0,19.0,6,24.6
2021.0,19.0,0,20.08
2017.0,19.0,2,15.77
2019.0,19.0,2,20.1
2018.0,19.0,10,19.51
2017.0,19.0,7,15.59
2024.0,19.0,10,24.85
2023.0,19.0,3,22.9
2017.0,19.0,5,15.6
2019.0,19.0,9,20.1
2021.0,19.0,3,21.05
2020.0,19.0,9,19.3
2017.0,19.0,3,15.79
2017.0,19.0,8,15.81
2022.0,19.0,3,22.13
2025.0,19.0,0,25.13
2019.0,19.0,3,20.12
2024.0,19.0,4,24.33
2022.0,19.0,9,22.67
2025.0,19.0,1,25.07
2022.0,19.0,6,22.39
2019.0,19.0,8,20.14
2021.0,19.0,2,21.01
2020.0,19.0,10,18.86
2022.0,19.0,4,22.21
2018.0,19.0,8,19.32
2019.0,19.0,11,20.15
2018.0,19.0,2,17.64
2020.0,19.0,4,17.11
2021.0,19.0,6,21.31
2021.0,19.0,8,21.35
2024.0,19.0,1,23.86
2020.0,19.0,0,20.14
2025.0,19.0,3,24.06
2017.0,19.0,11,16.18
2018.0,19.0,3,17.75
2021.0,19.0,9,21.28
2024.0,19.0,11,24.95
2018.0,19.0,4,17.91
2023.0,19.0,11,23.37
2023.0,19.0,9,23.26
2017.0,19.0,1,15.86
2024.0,19.0,0,23.42
2017.0,19.0,4,15.7
2019.0,19.0,4,20.11
2020.0,19.0,5,18.41
2023.0,19.0,8,23.22
2022.0,19.0,7,22.5
2023.0,19.0,0,22.78
2021.0,19.0,11,21.25
2021.0,19.0,7,21.39
2017.0,19.0,10,16.01
2020.0,19.0,1,20.13
2022.0,19.0,8,22.5
2022.0,19.0,0,21.64
2018.0,19.0,0,16.78
2020.0,19.0,6,19.33
2019.0,19.0,0,19.06
2023.0,19.0,10,23.35
2024.0,19.0,7,24.8
2022.0,19.0,11,22.5
2023.0,19.0,7,23.14
2018.0,19.0,5,18.15
2024.0,19.0,9,24.79
2020.0,19.0,2,18.53
2019.0,19.0,5,19.98
2018.0,19.0,1,17.38
2021.0,19.0,10,21.15
2020.0,19.0,3,16.17
2019.0,20.0,8,19.28
2021.0,20.0,2,19.86
2023.0,20.0,3,21.56
2017.0,20.0,6,15.5
2022.0,20.0,6,21.4
2023.0,20.0,11,21.77
2020.0,20.0,1,19.34
2024.0,20.0,4,23.13
2024.0,20.0,5,23.22
2022.0,20.0,7,21.43
2017.0,20.0,4,15.69
2020.0,20.0,2,17.64
2020.0,20.0,11,17.58
2024.0,20.0,6,23.6
2020.0,20.0,3,14.6
2018.0,20.0,8,19.21
2019.0,20.0,4,19.26
2019.0,20.0,7,19.18
2021.0,20.0,8,19.86
2024.0,20.0,10,23.74
2017.0,20.0,7,15.57
2022.0,20.0,10,21.36
2023.0,20.0,9,21.87
2024.0,20.0,9,23.62
2017.0,20.0,5,15.58
2018.0,20.0,9,19.41
2018.0,20.0,1,17.35
2018.0,20.0,0,16.66
2023.0,20.0,10,21.91
2021.0,20.0,1,19.57
2022.0,20.0,4,21.2
2023.0,20.0,0,21.4
2025.0,20.0,1,23.87
2022.0,20.0,9,21.54
2019.0,20.0,0,18.85
2020.0,20.0,10,17.31
2018.0,20.0,3,17.67
2020.0,20.0,4,15.86
2025.0,20.0,0,24.01
2021.0,20.0,10,19.63
2023.0,20.0,2,21.46
2021.0,20.0,11,19.86
2019.0,20.0,6,19.25
2023.0,20.0,8,21.92
2019.0,20.0,10,19.28
2024.0,20.0,1,22.82
2017.0,20.0,9,15.91
2025.0,20.0,2,23.7
2018.0,20.0,6,18.42
2022.0,20.0,0,20.3
2017.0,20.0,0,15.86
2020.0,20.0,6,18.34
2024.0,20.0,2,22.94
2023.0,20.0,7,21.99
2023.0,20.0,6,21.74
2020.0,20.0,7,18.25
2024.0,20.0,8,23.61
2021.0,20.0,9,19.71
2022.0,20.0,11,21.06
2018.0,20.0,11,19.16
2022.0,20.0,1,20.49
2024.0,20.0,7,23.8
2017.0,20.0,10,15.99
2021.0,20.0,5,19.92
2018.0,20.0,5,18.03
2025.0,20.0,3,23.65
2019.0,20.0,5,19.16
2018.0,20.0,2,17.58
2019.0,20.0,11,19.36
2017.0,20.0,1,15.86
2019.0,20.0,2,19.59
2019.0,20.0,1,19.07
2021.0,20.0,6,20.02
2023.0,20.0,4,21.55
2017.0,20.0,3,15.79
2022.0,20.0,3,21.09
2021.0,20.0,7,20.01
2017.0,20.0,8,15.79
2020.0,20.0,9,17.98
2022.0,20.0,5,21.22
2021.0,20.0,3,19.89
2020.0,20.0,5,17.33
2019.0,20.0,9,19.27
2018.0,20.0,10,19.41
2023.0,20.0,1,21.41
2017.0,20.0,2,15.77
2018.0,20.0,7,18.96
2024.0,20.0,0,22.05
2019.0,20.0,3,19.37
2024.0,20.0,3,23.05
2022.0,20.0,8,21.26
2018.0,20.0,4,17.82
2023.0,20.0,5,21.61
2021.0,20.0,0,18.69
2024.0,20.0,11,23.69
2020.0,20.0,8,18.11
2022.0,20.0,2,20.91
2017.0,20.0,11,16.11
2020.0,20.0,0,19.43
2021.0,20.0,4,19.91
2023.0,21.0,0,21.18
2018.0,21.0,11,19.53
2025.0,21.0,1,23.92
2019.0,21.0,0,19.61
2019.0,21.0,4,19.94
2022.0,21.0,10,21.15
2024.0,21.0,9,23.6
2022.0,21.0,9,21.43
2022.0,21.0,6,21.5
2022.0,21.0,7,21.49
2023.0,21.0,1,21.06
2017.0,21.0,2,15.95
2022.0,21.0,8,21.24
2019.0,21.0,3,20.06
2019.0,21.0,1,19.89
2022.0,21.0,11,20.87
2019.0,21.0,5,19.75
2019.0,21.0,6,19.79
2017.0,21.0,3,15.98
2019.0,21.0,2,20.18
2017.0,21.0,0,16.04
2024.0,21.0,4,22.98
2021.0,21.0,2,19.82
2017.0,21.0,4,15.89
2020.0,21.0,10,17.27
2023.0,21.0,9,21.67
2020.0,21.0,2,17.91
2021.0,21.0,10,19.5
2018.0,21.0,2,17.8
2025.0,21.0,3,23.61
2020.0,21.0,8,18.5
2017.0,21.0,5,15.78
2021.0,21.0,4,19.91
2023.0,21.0,8,21.68
2020.0,21.0,1,19.74
2021.0,21.0,11,19.8
2018.0,21.0,4,18.09
2018.0,21.0,3,17.91
2024.0,21.0,7,23.79
2021.0,21.0,9,19.64
2020.0,21.0,3,14.79
2021.0,21.0,6,19.98
2020.0,21.0,6,18.69
2024.0,21.0,0,21.98
2020.0,21.0,5,17.63
2025.0,21.0,2,23.66
2021.0,21.0,7,19.9
2018.0,21.0,0,16.88
2024.0,21.0,11,23.62
2021.0,21.0,3,19.84
2023.0,21.0,11,21.7
2020.0,21.0,4,16.13
2021.0,21.0,8,19.83
2018.0,21.0,1,17.53
2017.0,21.0,8,15.99
2024.0,21.0,1,22.61
2023.0,21.0,10,21.73
2020.0,21.0,9,18.25
2020.0,21.0,0,19.83
2022.0,21.0,0,20.25
2017.0,21.0,9,16.11
2022.0,21.0,3,21.18
2023.0,21.0,4,21.25
2018.0,21.0,8,19.51
2017.0,21.0,6,15.7
2024.0,21.0,6,23.58
2023.0,21.0,3,21.2
2019.0,21.0,8,19.74
2020.0,21.0,7,18.63
2024.0,21.0,10,23.72
2018.0,21.0,9,19.69
2021.0,21.0,0,18.73
2024.0,21.0,2,22.75
2019.0,21.0,7,19.7
2022.0,21.0,5,21.44
2023.0,21.0,2,21.14
2018.0,21.0,10,19.7
2022.0,21.0,4,21.37
2021.0,21.0,5,19.92
2019.0,21.0,9,19.69
2024.0,21.0,5,23.2
2023.0,21.0,7,21.8
2017.0,21.0,1,16.02
2018.0,21.0,5,18.35
2017.0,21.0,10,16.2
2019.0,21.0,11,19.79
2022.0,21.0,1,20.45
2017.0,21.0,7,15.76
2023.0,21.0,6,21.52
2018.0,21.0,6,18.72
2025.0,21.0,0,23.98
2019.0,21.0,10,19.71
2024.0,21.0,8,23.57
2021.0,21.0,1,19.63
2022.0,21.0,2,20.94
2020.0,21.0,11,17.57
2023.0,21.0,5,21.33
2018.0,21.0,7,19.25
2024.0,21.0,3,22.89
2017.0,21.0,11,16.31
2017.0,22.0,5,15.62
2017.0,22.0,8,15.84
2025.0,22.0,3,24.57
2024.0,22.0,4,25.12
2019.0,22.0,1,19.56
2017.0,22.0,9,15.97
2017.0,22.0,7,15.62
2024.0,22.0,9,25.15
2022.0,22.0,10,23.15
2024.0,22.0,5,25.02
2017.0,22.0,6,15.55
2024.0,22.0,6,25.1
2024.0,22.0,3,25.01
2017.0,22.0,3,15.81
2018.0,22.0,1,17.25
2017.0,22.0,10,16.04
2023.0,22.0,2,23.39
2018.0,22.0,9,19.5
2023.0,22.0,3,23.51
2018.0,22.0,8,19.33
2023.0,22.0,4,23.49
2023.0,22.0,1,23.33
2018.0,22.0,7,18.99
2023.0,22.0,5,23.57
2024.0,22.0,8,25.24
2018.0,22.0,6,18.27
2023.0,22.0,6,23.61
2018.0,22.0,5,17.87
2023.0,22.0,7,23.71
2018.0,22.0,4,17.63
2018.0,22.0,11,19.13
2023.0,22.0,8,23.76
2018.0,22.0,3,17.47
2024.0,22.0,7,25.31
2022.0,22.0,11,22.92
2024.0,22.0,1,24.51
2019.0,22.0,0,18.83
2017.0,22.0,11,16.2
2024.0,22.0,0,23.78
2024.0,22.0,2,24.6
2018.0,22.0,0,16.75
2018.0,22.0,10,19.45
2023.0,22.0,10,23.69
2018.0,22.0,2,17.42
2017.0,22.0,4,15.72
2023.0,22.0,9,23.78
2025.0,22.0,1,25.57
2023.0,22.0,11,23.61
2023.0,22.0,0,23.17
2022.0,22.0,9,23.18
2022.0,22.0,3,22.53
2020.0,22.0,11,19.21
2019.0,22.0,3,19.66
2021.0,22.0,4,21.18
2020.0,22.0,5,18.45
2021.0,22.0,1,20.81
2021.0,22.0,9,21.33
2020.0,22.0,6,19.3
2020.0,22.0,3,16.16
2025.0,22.0,0,25.56
2021.0,22.0,6,21.18
2024.0,22.0,11,25.08
2022.0,22.0,2,22.38
2019.0,22.0,9,19.68
2019.0,22.0,8,19.78
2021.0,22.0,8,21.28
2025.0,22.0,2,24.85
2020.0,22.0,10,19.01
2021.0,22.0,2,21.01
2020.0,22.0,4,16.91
2022.0,22.0,8,22.95
2019.0,22.0,4,19.57
2024.0,22.0,10,25.13
2021.0,22.0,3,21.13
2020.0,22.0,9,19.57
2022.0,22.0,4,22.69
2019.0,22.0,7,19.62
2020.0,22.0,8,19.53
2022.0,22.0,7,23.07
2022.0,22.0,6,22.92
2022.0,22.0,0,21.71
2020.0,22.0,0,19.97
2019.0,22.0,6,19.63
2021.0,22.0,0,20.08
2017.0,22.0,1,15.87
2020.0,22.0,7,19.39
2017.0,22.0,0,15.89
2017.0,22.0,2,15.79
2021.0,22.0,5,21.16
2021.0,22.0,11,21.34
2019.0,22.0,11,19.86
2020.0,22.0,2,18.38
2019.0,22.0,2,20.08
2022.0,22.0,1,22.05
2021.0,22.0,7,21.31
2020.0,22.0,1,19.85
2019.0,22.0,10,19.67
2019.0,22.0,5,19.39
2021.0,22.0,10,21.22
2022.0,22.0,5,22.77
2021.0,23.0,6,20.49
2023.0,23.0,2,22.22
2020.0,23.0,5,17.75
2024.0,23.0,0,22.65
2022.0,23.0,5,22.04
2019.0,23.0,6,19.31
2024.0,23.0,1,23.29
2017.0,23.0,3,15.78
2023.0,23.0,3,22.15
2019.0,23.0,8,19.36
2017.0,23.0,10,16.01
2019.0,23.0,7,19.17
2023.0,23.0,7,22.41
2022.0,23.0,4,21.93
2017.0,23.0,0,15.85
2024.0,23.0,7,24.25
2018.0,23.0,10,19.47
2018.0,23.0,9,19.52
2021.0,23.0,5,20.46
2017.0,23.0,11,16.2
2019.0,23.0,2,19.77
2018.0,23.0,0,16.85
2023.0,23.0,9,22.46
2020.0,23.0,2,17.52
2018.0,23.0,6,18.56
2019.0,23.0,10,19.37
2021.0,23.0,10,20.54
2018.0,23.0,3,17.86
2023.0,23.0,6,22.36
2023.0,23.0,8,22.48
2020.0,23.0,1,19.5
2022.0,23.0,1,21.25
2021.0,23.0,11,20.68
2018.0,23.0,5,18.25
2019.0,23.0,11,19.5
2018.0,23.0,4,18.03
2017.0,23.0,1,15.82
2020.0,23.0,0,19.61
2022.0,23.0,0,21.07
2022.0,23.0,2,21.59
2021.0,23.0,7,20.53
2024.0,23.0,8,24.26
2023.0,23.0,5,22.37
2018.0,23.0,8,19.3
2023.0,23.0,11,22.43
2024.0,23.0,10,24.42
2020.0,23.0,4,16.28
2022.0,23.0,3,21.76
2022.0,23.0,6,22.09
2023.0,23.0,4,22.3
2021.0,23.0,8,20.54
2018.0,23.0,1,17.57
2023.0,23.0,10,22.45
2024.0,23.0,11,24.38
2018.0,23.0,7,19.04
2019.0,23.0,9,19.33
2020.0,23.0,3,14.57
2025.0,23.0,2,24.08
2021.0,23.0,9,20.56
2018.0,23.0,2,17.79
2017.0,23.0,4,15.69
2020.0,23.0,7,18.41
2020.0,23.0,6,18.52
2017.0,23.0,7,15.58
2021.0,23.0,1,19.92
2020.0,23.0,8,18.41
2022.0,23.0,7,22.15
2025.0,23.0,3,23.98
2025.0,23.0,0,24.72
2019.0,23.0,4,19.45
2024.0,23.0,3,23.68
2022.0,23.0,11,21.97
2024.0,23.0,9,24.34
2020.0,23.0,10,17.66
2018.0,23.0,11,19.17
2021.0,23.0,3,20.26
2024.0,23.0,2,23.5
2025.0,23.0,1,24.61
2017.0,23.0,8,15.8
2020.0,23.0,9,18.34
2022.0,23.0,8,22.05
2024.0,23.0,4,23.75
2022.0,23.0,10,22.01
2021.0,23.0,2,20.13
2017.0,23.0,5,15.59
2019.0,23.0,0,18.92
2023.0,23.0,0,22.2
2019.0,23.0,5,19.31
2017.0,23.0,6,15.5
2024.0,23.0,6,24.09
2019.0,23.0,1,19.36
2019.0,23.0,3,19.52
2021.0,23.0,4,20.37
2023.0,23.0,1,22.19
2024.0,23.0,5,23.86
2020.0,23.0,11,18.06
2022.0,23.0,9,22.27
2017.0,23.0,2,15.76
2017.0,23.0,9,15.93
2021.0,23.0,0,19.14
2021.0,24.0,8,20.56
2024.0,24.0,4,24.36
2022.0,24.0,1,21.26
2022.0,24.0,8,22.54
2023.0,24.0,4,22.43
2018.0,24.0,6,18.91
2017.0,24.0,4,15.95
2022.0,24.0,3,22.13
2024.0,24.0,11,24.94
2017.0,24.0,6,15.77
2019.0,24.0,10,19.79
2019.0,24.0,0,19.54
2025.0,24.0,2,23.94
2020.0,24.0,4,17.39
2024.0,24.0,10,24.56
2022.0,24.0,9,22.61
2024.0,24.0,5,24.38
2020.0,24.0,2,17.88
2020.0,24.0,10,18.25
2018.0,24.0,1,17.64
2025.0,24.0,0,25.06
2022.0,24.0,2,21.85
2018.0,24.0,2,17.89
2018.0,24.0,3,18.05
2020.0,24.0,1,19.85
2024.0,24.0,8,24.96
2021.0,24.0,9,20.49
2021.0,24.0,1,19.73
2019.0,24.0,3,20.03
2020.0,24.0,3,15.68
2017.0,24.0,5,15.85
2019.0,24.0,9,19.8
2023.0,24.0,9,22.86
2022.0,24.0,11,22.08
2018.0,24.0,7,19.47
2017.0,24.0,7,15.84
2023.0,24.0,6,22.51
2023.0,24.0,8,23.09
2023.0,24.0,10,22.61
2019.0,24.0,1,19.84
2023.0,24.0,5,22.28
2025.0,24.0,1,24.76
2023.0,24.0,7,23.02
2017.0,24.0,1,16.09
2021.0,24.0,2,20.38
2019.0,24.0,4,20.0
2022.0,24.0,7,22.53
2019.0,24.0,7,19.85
2017.0,24.0,3,16.04
2020.0,24.0,8,19.22
2024.0,24.0,1,23.49
2018.0,24.0,4,18.26
2020.0,24.0,6,19.4
2023.0,24.0,2,22.34
2018.0,24.0,11,19.81
2019.0,24.0,5,19.84
2022.0,24.0,5,21.79
2024.0,24.0,9,24.4
2017.0,24.0,10,16.34
2017.0,24.0,0,16.12
2021.0,24.0,4,20.73
2021.0,24.0,5,20.67
2019.0,24.0,6,19.95
2024.0,24.0,6,24.71
2018.0,24.0,10,19.93
2017.0,24.0,9,16.2
2022.0,24.0,0,20.98
2019.0,24.0,2,20.21
2023.0,24.0,1,22.14
2022.0,24.0,6,22.31
2024.0,24.0,2,23.74
2020.0,24.0,7,19.23
2024.0,24.0,3,24.19
2021.0,24.0,6,20.47
2021.0,24.0,0,19.18
2018.0,24.0,9,19.91
2018.0,24.0,8,19.72
2023.0,24.0,11,22.37
2022.0,24.0,10,22.32
2018.0,24.0,0,17.09
2020.0,24.0,11,18.25
2021.0,24.0,7,20.51
2020.0,24.0,9,19.06
2020.0,24.0,5,18.62
2021.0,24.0,11,20.56
2017.0,24.0,2,16.02
2023.0,24.0,3,22.42
2017.0,24.0,8,16.07
2020.0,24.0,0,19.97
2023.0,24.0,0,22.39
2019.0,24.0,8,19.86
2021.0,24.0,10,20.52
2022.0,24.0,4,21.89
2019.0,24.0,11,19.88
2024.0,24.0,0,22.98
2017.0,24.0,11,16.53
2018.0,24.0,5,18.51
2025.0,24.0,3,23.87
2024.0,24.0,7,24.84
2021.0,24.0,3,20.66
2020.0,25.0,0,18.8
2023.0,25.0,8,22.61
2021.0,25.0,10,19.99
2021.0,25.0,0,18.91
2020.0,25.0,11,17.96
2021.0,25.0,11,19.92
2017.0,25.0,5,15.45
2017.0,25.0,6,15.33
2018.0,25.0,4,17.64
2020.0,25.0,1,18.95
2024.0,25.0,6,24.11
2018.0,25.0,3,17.37
2024.0,25.0,4,23.27
2020.0,25.0,2,17.85
2024.0,25.0,0,21.95
2024.0,25.0,7,24.07
2017.0,25.0,11,16.05
2021.0,25.0,3,20.0
2024.0,25.0,3,23.45
2021.0,25.0,6,20.0
2020.0,25.0,8,18.85
2017.0,25.0,8,15.63
2024.0,25.0,1,23.08
2017.0,25.0,10,15.92
2017.0,25.0,0,16.12
2021.0,25.0,5,20.18
2021.0,25.0,4,20.08
2017.0,25.0,9,15.79
2025.0,25.0,3,23.18
2024.0,25.0,2,23.32
2020.0,25.0,6,19.14
2020.0,25.0,5,18.38
2020.0,25.0,9,18.8
2021.0,25.0,7,20.0
2023.0,25.0,9,22.6
2025.0,25.0,0,23.91
2018.0,25.0,2,17.22
2021.0,25.0,9,19.85
2021.0,25.0,1,19.72
2020.0,25.0,3,15.47
2017.0,25.0,7,15.4
2020.0,25.0,10,17.98
2023.0,25.0,10,22.41
2017.0,25.0,4,15.57
2018.0,25.0,1,16.98
2021.0,25.0,8,19.65
2024.0,25.0,11,23.88
2020.0,25.0,4,16.88
2023.0,25.0,11,21.75
2018.0,25.0,0,16.43
2021.0,25.0,2,20.08
2024.0,25.0,5,23.43
2020.0,25.0,7,18.94
2025.0,25.0,2,23.44
2024.0,25.0,8,23.89
2022.0,25.0,7,21.67
2022.0,25.0,1,20.67
2022.0,25.0,10,21.72
2022.0,25.0,4,21.22
2023.0,25.0,3,21.32
2022.0,25.0,2,21.04
2023.0,25.0,1,21.64
2023.0,25.0,5,22.05
2023.0,25.0,4,21.81
2019.0,25.0,8,18.83
2022.0,25.0,6,21.45
2017.0,25.0,1,16.14
2022.0,25.0,3,21.22
2024.0,25.0,10,23.48
2019.0,25.0,1,18.84
2019.0,25.0,3,19.09
2019.0,25.0,10,18.8
2018.0,25.0,6,18.19
2022.0,25.0,11,21.27
2019.0,25.0,5,18.97
2018.0,25.0,11,18.93
2018.0,25.0,8,18.95
2022.0,25.0,9,21.66
2018.0,25.0,10,19.13
2023.0,25.0,6,22.19
2022.0,25.0,8,21.62
2023.0,25.0,2,21.27
2017.0,25.0,3,15.67
2022.0,25.0,0,20.27
2018.0,25.0,7,18.71
2022.0,25.0,5,21.25
2019.0,25.0,2,19.34
2018.0,25.0,9,19.13
2019.0,25.0,6,18.96
2025.0,25.0,1,24.15
2023.0,25.0,7,22.66
2019.0,25.0,11,18.99
2019.0,25.0,9,19.13
2024.0,25.0,9,23.32
2019.0,25.0,4,19.1
2019.0,25.0,7,18.62
2023.0,25.0,0,21.59
2019.0,25.0,0,18.29
2018.0,25.0,5,17.8
2017.0,25.0,2,15.77
2023.0,26.0,4,21.65
2017.0,26.0,8,15.55
2023.0,26.0,0,21.74
2020.0,26.0,9,17.88
2018.0,26.0,1,17.03
2022.0,26.0,7,21.37
2020.0,26.0,4,15.72
2021.0,26.0,8,20.01
2017.0,26.0,4,15.42
2024.0,26.0,3,22.84
2022.0,26.0,3,20.74
2017.0,26.0,2,15.49
2024.0,26.0,10,23.36
2021.0,26.0,3,19.87
2024.0,26.0,8,23.44
2018.0,26.0,8,18.81
2020.0,26.0,7,18.08
2020.0,26.0,8,18.1
2017.0,26.0,3,15.52
2017.0,26.0,0,15.57
2020.0,26.0,6,18.06
2018.0,26.0,9,18.97
2021.0,26.0,6,20.01
2017.0,26.0,10,15.75
2022.0,26.0,5,21.16
2020.0,26.0,5,17.03
2019.0,26.0,7,18.35
2017.0,26.0,11,15.86
2021.0,26.0,5,19.95
2019.0,26.0,6,18.45
2018.0,26.0,10,18.91
2024.0,26.0,7,23.44
2024.0,26.0,0,21.98
2022.0,26.0,4,20.97
2023.0,26.0,3,21.72
2023.0,26.0,1,21.61
2022.0,26.0,6,21.29
2024.0,26.0,2,22.72
2019.0,26.0,8,18.46
2021.0,26.0,7,20.0
2023.0,26.0,2,21.62
2024.0,26.0,11,23.42
2017.0,26.0,9,15.67
2021.0,26.0,4,19.92
2018.0,26.0,0,16.42
2019.0,26.0,5,18.39
2018.0,26.0,11,18.63
2023.0,26.0,11,21.81
2023.0,26.0,7,21.94
2023.0,26.0,10,21.87
2024.0,26.0,1,22.63
2023.0,26.0,9,21.9
2024.0,26.0,9,23.34
2022.0,26.0,10,21.65
2021.0,26.0,1,19.46
2025.0,26.0,1,23.75
2021.0,26.0,0,18.62
2020.0,26.0,2,17.77
2019.0,26.0,3,18.73
2018.0,26.0,6,18.15
2019.0,26.0,10,18.34
2019.0,26.0,1,18.2
2021.0,26.0,10,19.79
2021.0,26.0,11,19.93
2018.0,26.0,5,17.8
2025.0,26.0,0,23.72
2024.0,26.0,5,23.07
2020.0,26.0,11,17.5
2017.0,26.0,1,15.56
2022.0,26.0,9,21.72
2018.0,26.0,3,17.42
2017.0,26.0,5,15.33
2017.0,26.0,6,15.25
2020.0,26.0,1,18.55
2023.0,26.0,6,21.81
2022.0,26.0,1,20.36
2020.0,26.0,0,18.62
2022.0,26.0,11,21.67
2023.0,26.0,8,21.82
2019.0,26.0,11,18.5
2018.0,26.0,7,18.62
2021.0,26.0,2,19.77
2019.0,26.0,4,18.56
2020.0,26.0,3,15.08
2019.0,26.0,9,18.39
2019.0,26.0,0,18.15
2025.0,26.0,3,23.8
2025.0,26.0,2,23.8
2022.0,26.0,8,21.42
2017.0,26.0,7,15.32
2024.0,26.0,4,22.93
2024.0,26.0,6,23.33
2022.0,26.0,0,20.21
2021.0,26.0,9,19.89
2020.0,26.0,10,17.42
2018.0,26.0,4,17.53
2018.0,26.0,2,17.29
2023.0,26.0,5,21.7
2022.0,26.0,2,20.59
2019.0,26.0,2,18.88
2025.0,27.0,0,21.98
2017.0,27.0,10,13.76
2024.0,27.0,1,20.66
2021.0,27.0,5,18.04
2018.0,27.0,10,16.92
2020.0,27.0,6,15.93
2022.0,27.0,9,19.51
2017.0,27.0,5,13.51
2019.0,27.0,6,16.27
2024.0,27.0,6,21.27
2024.0,27.0,9,21.1
2019.0,27.0,2,17.02
2020.0,27.0,11,16.02
2021.0,27.0,0,16.74
2022.0,27.0,5,19.69
2022.0,27.0,6,19.17
2023.0,27.0,1,18.82
2019.0,27.0,4,16.29
2017.0,27.0,2,14.15
2025.0,27.0,1,21.97
2025.0,27.0,3,21.83
2019.0,27.0,0,15.96
2017.0,27.0,8,13.56
2023.0,27.0,0,18.98
2024.0,27.0,4,21.16
2022.0,27.0,8,18.99
2022.0,27.0,11,18.74
2024.0,27.0,3,21.08
2017.0,27.0,7,13.36
2022.0,27.0,7,19.46
2022.0,27.0,10,19.46
2021.0,27.0,3,18.03
2021.0,27.0,1,17.43
2020.0,27.0,8,16.21
2018.0,27.0,11,16.48
2019.0,27.0,3,16.62
2019.0,27.0,5,16.16
2021.0,27.0,4,17.95
2019.0,27.0,1,16.58
2017.0,27.0,9,13.68
2020.0,27.0,9,16.0
2020.0,27.0,7,16.12
2024.0,27.0,5,21.07
2024.0,27.0,2,20.79
2017.0,27.0,6,13.33
2020.0,27.0,10,15.72
2021.0,27.0,2,17.85
2017.0,27.0,0,15.16
2018.0,27.0,0,14.4
2022.0,27.0,1,18.52
2020.0,27.0,1,16.56
2024.0,27.0,11,21.45
2018.0,27.0,3,15.4
2018.0,27.0,8,16.88
2021.0,27.0,9,17.83
2024.0,27.0,7,21.52
2021.0,27.0,10,17.88
2017.0,27.0,1,15.19
2023.0,27.0,11,19.45
2019.0,27.0,10,16.33
2018.0,27.0,6,16.04
2019.0,27.0,8,16.27
2020.0,27.0,4,13.86
2023.0,27.0,8,19.9
2022.0,27.0,3,19.4
2023.0,27.0,4,19.56
2021.0,27.0,8,18.22
2024.0,27.0,8,21.1
2024.0,27.0,10,21.45
2018.0,27.0,1,15.07
2017.0,27.0,4,13.72
2023.0,27.0,9,20.03
2023.0,27.0,10,20.03
2023.0,27.0,2,19.1
2018.0,27.0,7,16.56
2020.0,27.0,3,13.15
2019.0,27.0,9,16.39
2023.0,27.0,5,19.67
2018.0,27.0,2,15.27
2020.0,27.0,2,15.25
2021.0,27.0,7,18.28
2022.0,27.0,2,18.97
2020.0,27.0,0,16.7
2019.0,27.0,11,16.52
2020.0,27.0,5,15.05
2023.0,27.0,6,19.31
2019.0,27.0,7,15.9
2017.0,27.0,11,13.9
2021.0,27.0,11,17.97
2022.0,27.0,4,19.6
2018.0,27.0,4,15.74
2022.0,27.0,0,18.24
2024.0,27.0,0,19.82
2023.0,27.0,3,19.22
2018.0,27.0,5,15.76
2021.0,27.0,6,18.3
2023.0,27.0,7,19.72
2025.0,27.0,2,21.98
2017.0,27.0,3,13.87
2018.0,27.0,9,17.07
2021.0,28.0,9,19.6
2024.0,28.0,4,22.95
2019.0,28.0,11,19.4
2019.0,28.0,2,19.61
2025.0,28.0,0,23.88
2023.0,28.0,5,21.66
2022.0,28.0,11,21.09
2022.0,28.0,8,21.13
2022.0,28.0,0,20.14
2018.0,28.0,2,17.51
2024.0,28.0,6,23.44
2023.0,28.0,9,21.79
2018.0,28.0,4,17.74
2020.0,28.0,10,17.59
2017.0,28.0,7,15.52
2020.0,28.0,2,17.48
2023.0,28.0,7,21.97
2017.0,28.0,2,15.7
2022.0,28.0,9,21.41
2017.0,28.0,1,15.8
2023.0,28.0,8,21.89
2023.0,28.0,6,21.76
2018.0,28.0,3,17.59
2017.0,28.0,6,15.45
2020.0,28.0,11,17.73
2022.0,28.0,10,21.27
2022.0,28.0,1,20.36
2020.0,28.0,1,19.32
2024.0,28.0,5,23.1
2018.0,28.0,5,17.97
2021.0,28.0,10,19.44
2019.0,28.0,1,19.01
2021.0,28.0,0,18.81
2019.0,28.0,10,19.33
2017.0,28.0,5,15.52
2021.0,28.0,11,19.69
2020.0,28.0,0,19.47
2018.0,28.0,6,18.38
2019.0,28.0,3,19.39
2024.0,28.0,9,23.54
2025.0,28.0,2,23.55
2021.0,28.0,1,19.61
2024.0,28.0,1,22.7
2018.0,28.0,7,18.93
2017.0,28.0,0,15.79
2018.0,28.0,0,16.6
2018.0,28.0,8,19.13
2022.0,28.0,2,20.77
2021.0,28.0,4,19.8
2019.0,28.0,5,19.11
2025.0,28.0,1,23.68
2022.0,28.0,6,21.32
2020.0,28.0,4,15.94
2017.0,28.0,9,15.87
2024.0,28.0,11,23.57
2020.0,28.0,7,18.24
2021.0,28.0,7,19.91
2024.0,28.0,2,22.74
2020.0,28.0,5,17.42
2017.0,28.0,3,15.72
2022.0,28.0,5,21.15
2023.0,28.0,3,21.62
2023.0,28.0,1,21.4
2018.0,28.0,10,19.31
2024.0,28.0,0,22.0
2022.0,28.0,4,21.08
2019.0,28.0,7,19.23
2017.0,28.0,11,16.03
2021.0,28.0,5,19.88
2019.0,28.0,6,19.26
2024.0,28.0,7,23.64
2025.0,28.0,3,23.52
2020.0,28.0,6,18.32
2021.0,28.0,6,20.01
2019.0,28.0,0,18.55
2023.0,28.0,2,21.46
2024.0,28.0,10,23.6
2019.0,28.0,9,19.32
2020.0,28.0,3,14.51
2021.0,28.0,2,19.8
2020.0,28.0,9,18.07
2023.0,28.0,10,21.75
2019.0,28.0,4,19.34
2017.0,28.0,4,15.62
2018.0,28.0,1,17.29
2024.0,28.0,8,23.52
2018.0,28.0,11,18.92
2023.0,28.0,4,21.62
2017.0,28.0,8,15.74
2021.0,28.0,8,19.69
2023.0,28.0,0,21.41
2024.0,28.0,3,22.83
2017.0,28.0,10,15.95
2022.0,28.0,3,20.98
2022.0,28.0,7,21.34
2019.0,28.0,8,19.33
2021.0,28.0,3,19.78
2020.0,28.0,8,18.15
2023.0,28.0,11,21.71
2018.0,28.0,9,19.32
2017.0,29.0,0,15.52
2017.0,29.0,1,15.53
2024.0,29.0,8,23.8
2017.0,29.0,3,15.47
2025.0,29.0,3,23.79
2024.0,29.0,7,23.81
2017.0,29.0,4,15.38
2024.0,29.0,9,23.69
2017.0,29.0,2,15.44
2024.0,29.0,10,23.64
2024.0,29.0,11,23.65
2017.0,29.0,5,15.27
2020.0,29.0,11,17.87
2018.0,29.0,8,18.79
2022.0,29.0,11,21.41
2020.0,29.0,2,17.4
2019.0,29.0,0,18.31
2023.0,29.0,0,21.61
2021.0,29.0,9,20.26
2018.0,29.0,11,18.63
2023.0,29.0,1,21.57
2020.0,29.0,3,14.75
2018.0,29.0,10,18.95
2023.0,29.0,2,21.61
2021.0,29.0,8,20.29
2018.0,29.0,9,18.98
2023.0,29.0,3,21.71
2020.0,29.0,4,15.85
2021.0,29.0,7,20.27
2022.0,29.0,3,21.25
2023.0,29.0,4,21.68
2018.0,29.0,7,18.55
2023.0,29.0,5,21.83
2020.0,29.0,5,17.22
2018.0,29.0,6,18.02
2019.0,29.0,1,18.65
2021.0,29.0,10,20.15
2022.0,29.0,10,21.64
2019.0,29.0,2,19.17
2019.0,29.0,9,18.9
2019.0,29.0,8,18.91
2022.0,29.0,4,21.39
2022.0,29.0,2,21.07
2019.0,29.0,7,18.84
2022.0,29.0,5,21.41
2019.0,29.0,10,18.87
2025.0,29.0,1,24.05
2022.0,29.0,1,20.84
2019.0,29.0,6,18.88
2023.0,29.0,6,21.96
2022.0,29.0,6,21.52
2019.0,29.0,5,18.81
2022.0,29.0,7,21.63
2022.0,29.0,0,20.67
2019.0,29.0,4,18.92
2022.0,29.0,8,21.48
2020.0,29.0,0,19.1
2021.0,29.0,11,20.33
2019.0,29.0,3,19.03
2022.0,29.0,9,21.7
2020.0,29.0,1,19.01
2019.0,29.0,11,19.0
2021.0,29.0,6,20.23
2025.0,29.0,2,23.8
2018.0,29.0,5,17.68
2021.0,29.0,3,20.14
2018.0,29.0,0,16.36
2024.0,29.0,0,22.14
2017.0,29.0,11,15.82
2024.0,29.0,1,22.86
2021.0,29.0,2,20.0
2017.0,29.0,10,15.69
2024.0,29.0,2,23.1
2017.0,29.0,9,15.61
2020.0,29.0,8,18.29
2024.0,29.0,3,23.19
2020.0,29.0,10,17.7
2017.0,29.0,8,15.49
2024.0,29.0,4,23.25
2017.0,29.0,7,15.26
2024.0,29.0,5,23.25
2021.0,29.0,0,18.84
2025.0,29.0,0,24.1
2017.0,29.0,6,15.19
2024.0,29.0,6,23.67
2021.0,29.0,1,19.65
2023.0,29.0,11,21.92
2020.0,29.0,9,18.1
2018.0,29.0,4,17.47
2023.0,29.0,7,22.09
2021.0,29.0,4,20.21
2018.0,29.0,1,16.97
2021.0,29.0,5,20.19
2018.0,29.0,3,17.31
2020.0,29.0,6,18.25
2023.0,29.0,8,22.15
2023.0,29.0,10,21.98
2018.0,29.0,2,17.2
2023.0,29.0,9,21.98
2020.0,29.0,7,18.3
2024.0,30.0,11,23.79
2022.0,30.0,1,21.51
2020.0,30.0,10,18.59
2020.0,30.0,2,17.95
2017.0,30.0,0,15.44
2019.0,30.0,10,19.32
2019.0,30.0,9,19.29
2021.0,30.0,5,20.73
2017.0,30.0,1,15.41
2024.0,30.0,10,24.23
2021.0,30.0,6,20.93
2022.0,30.0,2,21.82
2021.0,30.0,0,19.6
2020.0,30.0,4,16.87
2021.0,30.0,1,20.48
2021.0,30.0,7,21.05
2020.0,30.0,7,19.01
2021.0,30.0,9,20.84
2021.0,30.0,3,20.82
2021.0,30.0,8,20.93
2020.0,30.0,1,19.46
2020.0,30.0,8,19.13
2021.0,30.0,10,20.77
2020.0,30.0,5,18.18
2021.0,30.0,2,20.65
2021.0,30.0,4,20.53
2020.0,30.0,0,19.63
2020.0,30.0,3,15.75
2020.0,30.0,9,19.24
2021.0,30.0,11,21.01
2019.0,30.0,11,19.45
2025.0,30.0,3,23.98
2022.0,30.0,0,21.39
2020.0,30.0,6,18.94
2024.0,30.0,6,23.94
2017.0,30.0,2,15.34
2022.0,30.0,3,21.94
2018.0,30.0,7,18.78
2023.0,30.0,5,22.38
2018.0,30.0,6,18.08
2023.0,30.0,6,22.55
2018.0,30.0,5,17.64
2023.0,30.0,7,22.79
2018.0,30.0,4,17.39
2023.0,30.0,8,22.71
2018.0,30.0,3,17.25
2023.0,30.0,9,22.64
2018.0,30.0,2,17.14
2023.0,30.0,10,22.57
2018.0,30.0,1,16.88
2017.0,30.0,4,15.26
2024.0,30.0,7,23.86
2023.0,30.0,11,22.29
2018.0,30.0,0,16.33
2024.0,30.0,0,23.0
2017.0,30.0,11,15.73
2024.0,30.0,1,23.64
2017.0,30.0,10,15.59
2024.0,30.0,2,23.55
2017.0,30.0,9,15.5
2024.0,30.0,3,24.17
2017.0,30.0,8,15.38
2024.0,30.0,4,24.09
2017.0,30.0,7,15.16
2024.0,30.0,5,23.62
2017.0,30.0,6,15.09
2023.0,30.0,4,22.25
2019.0,30.0,8,19.46
2024.0,30.0,8,24.4
2018.0,30.0,8,19.05
2025.0,30.0,2,24.05
2022.0,30.0,4,22.07
2025.0,30.0,1,24.44
2019.0,30.0,7,19.3
2022.0,30.0,5,22.09
2019.0,30.0,6,19.34
2022.0,30.0,6,22.19
2019.0,30.0,5,19.06
2022.0,30.0,7,22.19
2019.0,30.0,4,19.16
2022.0,30.0,8,22.12
2017.0,30.0,5,15.17
2024.0,30.0,9,24.38
2017.0,30.0,3,15.36
2019.0,30.0,3,19.3
2019.0,30.0,2,19.93
2023.0,30.0,3,22.45
2018.0,30.0,9,19.2
2023.0,30.0,2,22.53
2018.0,30.0,10,19.21
2022.0,30.0,9,22.46
2018.0,30.0,11,18.81
2023.0,30.0,1,22.48
2020.0,30.0,11,18.75
2019.0,30.0,0,18.52
2022.0,30.0,11,21.92
2019.0,30.0,1,19.32
2022.0,30.0,10,22.28
2023.0,30.0,0,22.31
2025.0,30.0,0,24.65
2025.0,31.0,2,24.18
2025.0,31.0,0,25.05
2025.0,31.0,1,25.05
2021.0,31.0,1,19.98
2024.0,31.0,10,24.69
2019.0,31.0,0,19.63
2019.0,31.0,1,19.91
2019.0,31.0,2,20.23
2019.0,31.0,3,19.92
2019.0,31.0,4,19.82
2019.0,31.0,5,19.73
2019.0,31.0,6,19.77
2019.0,31.0,7,19.7
2019.0,31.0,8,19.8
2018.0,31.0,11,19.82
2019.0,31.0,9,19.74
2019.0,31.0,11,19.89
2020.0,31.0,0,19.93
2020.0,31.0,1,19.79
2020.0,31.0,2,18.62
2020.0,31.0,3,15.88
2020.0,31.0,4,16.57
2020.0,31.0,5,17.88
2020.0,31.0,6,18.92
2020.0,31.0,7,19.02
2019.0,31.0,10,19.73
2020.0,31.0,8,19.02
2018.0,31.0,10,20.1
2018.0,31.0,8,19.94
2017.0,31.0,0,16.19
2017.0,31.0,1,16.21
2017.0,31.0,2,16.12
2017.0,31.0,3,16.14
2017.0,31.0,4,16.05
2017.0,31.0,5,15.96
2017.0,31.0,6,15.87
2017.0,31.0,7,15.94
2017.0,31.0,8,16.16
2018.0,31.0,9,20.12
2017.0,31.0,9,16.29
2017.0,31.0,11,16.57
2018.0,31.0,0,17.28
2018.0,31.0,1,18.11
2018.0,31.0,2,18.36
2018.0,31.0,3,18.47
2018.0,31.0,4,18.59
2018.0,31.0,5,18.79
2018.0,31.0,6,19.16
2018.0,31.0,7,19.69
2017.0,31.0,10,16.37
2020.0,31.0,9,18.84
2020.0,31.0,10,18.46
2020.0,31.0,11,18.49
2023.0,31.0,2,22.16
2023.0,31.0,3,22.2
2023.0,31.0,4,22.1
2023.0,31.0,5,22.21
2023.0,31.0,6,22.37
2023.0,31.0,7,22.56
2023.0,31.0,8,22.53
2023.0,31.0,9,22.54
2023.0,31.0,10,22.69
2023.0,31.0,1,22.1
2023.0,31.0,11,22.55
2024.0,31.0,1,23.13
2024.0,31.0,2,23.27
2024.0,31.0,3,23.49
2024.0,31.0,4,23.67
2024.0,31.0,5,23.85
2024.0,31.0,6,24.19
2024.0,31.0,7,24.39
2024.0,31.0,8,24.49
2024.0,31.0,9,24.61
2024.0,31.0,0,22.71
2023.0,31.0,0,22.05
2022.0,31.0,11,21.85
2022.0,31.0,10,22.02
2021.0,31.0,0,19.29
2021.0,31.0,2,20.38
2021.0,31.0,3,20.56
2021.0,31.0,4,20.67
2021.0,31.0,5,20.76
2021.0,31.0,6,20.86
2021.0,31.0,7,20.87
2021.0,31.0,8,20.76
2021.0,31.0,9,20.71
2021.0,31.0,10,20.6
2021.0,31.0,11,20.72
2022.0,31.0,0,21.01
2022.0,31.0,1,21.15
2022.0,31.0,2,21.56
2022.0,31.0,3,21.96
2022.0,31.0,4,22.15
2022.0,31.0,5,22.35
2022.0,31.0,6,22.44
2022.0,31.0,7,22.44
2022.0,31.0,8,22.12
2022.0,31.0,9,22.2
2024.0,31.0,11,24.79
2025.0,31.0,3,24.02
